Allocation,Year,Size,Distance_x,Demand (km),ID,Vehicle,Cost ($),Yearly range (km),Distance_y,Operating Year,Fuel,carbon_emissions,insurance_cost,maintenance_cost,fuel_costs,Type,Cost,Total_Cost,Adjusted_Total_Cost,Topsis_Score,Rank,Distance
BEV_S1_2023,2023,S1,D1,869181,BEV_S1_2023,BEV,187000,102000,D1,2023,Electricity,0.0,9350.0,1870.0,17470.316221326,Buy,187000.0,28690.316221326,215690.316221326,0.38569699218359926,8.0,D1
BEV_S1_2023,2023,S1,D1,869181,BEV_S1_2023,BEV,187000,102000,D1,2023,Electricity,0.0,9350.0,1870.0,17470.316221326,Sell,168300.0,28690.316221326,-139609.683778674,1.0,1.0,D1
Diesel_S1_2023,2023,S1,D1,869181,Diesel_S1_2023,Diesel,85000,102000,D4,2023,B20,69347.97596256,4250.0,850.0,27771.219050879998,Buy,85000.0,32871.21905088,117871.21905088,0.22307870338606997,10.0,D1
Diesel_S1_2023,2023,S1,D1,869181,Diesel_S1_2023,Diesel,85000,102000,D4,2023,B20,69347.97596256,4250.0,850.0,27771.219050879998,Sell,76500.0,32871.21905088,-43628.78094912,0.5163969413254846,5.0,D1
Diesel_S1_2023,2023,S1,D1,869181,Diesel_S1_2023,Diesel,85000,102000,D4,2023,HVO,11092.291306368,4250.0,850.0,41271.25621392,Buy,85000.0,46371.25621392,131371.25621392002,0.4291718973443136,7.0,D1
Diesel_S1_2023,2023,S1,D1,869181,Diesel_S1_2023,Diesel,85000,102000,D4,2023,HVO,11092.291306368,4250.0,850.0,41271.25621392,Sell,76500.0,46371.25621392,-30128.74378608,0.7285837894159615,3.0,D1
LNG_S1_2023,2023,S1,D1,869181,LNG_S1_2023,LNG,100000,102000,D4,2023,LNG,41971.14852966,5000.0,1000.0,17077.87951668,Buy,100000.0,23077.87951668,123077.87951668,0.30201750751042217,9.0,D1
LNG_S1_2023,2023,S1,D1,869181,LNG_S1_2023,LNG,100000,102000,D4,2023,LNG,41971.14852966,5000.0,1000.0,17077.87951668,Sell,90000.0,23077.87951668,-66922.12048332,0.658761444812829,4.0,D1
LNG_S1_2023,2023,S1,D1,869181,LNG_S1_2023,LNG,100000,102000,D4,2023,BioLNG,6375.2658937020005,5000.0,1000.0,18325.652864760003,Buy,100000.0,24325.652864760003,124325.65286476,0.4563519619149617,6.0,D1
LNG_S1_2023,2023,S1,D1,869181,LNG_S1_2023,LNG,100000,102000,D4,2023,BioLNG,6375.2658937020005,5000.0,1000.0,18325.652864760003,Sell,90000.0,24325.652864760003,-65674.34713524,0.8187956046648458,2.0,D1
Diesel_S1_2023,2023,S1,D2,2597094,Diesel_S1_2023,Diesel,85000,102000,D4,2023,B20,69347.97596256,4250.0,850.0,27771.219050879998,Buy,85000.0,32871.21905088,117871.21905088,0.05408464723432624,8.0,D2
Diesel_S1_2023,2023,S1,D2,2597094,Diesel_S1_2023,Diesel,85000,102000,D4,2023,B20,69347.97596256,4250.0,850.0,27771.219050879998,Sell,76500.0,32871.21905088,-43628.78094912,0.5404560050469607,4.0,D2
Diesel_S1_2023,2023,S1,D2,2597094,Diesel_S1_2023,Diesel,85000,102000,D4,2023,HVO,11092.291306368,4250.0,850.0,41271.25621392,Buy,85000.0,46371.25621392,131371.25621392002,0.40638172048332827,6.0,D2
Diesel_S1_2023,2023,S1,D2,2597094,Diesel_S1_2023,Diesel,85000,102000,D4,2023,HVO,11092.291306368,4250.0,850.0,41271.25621392,Sell,76500.0,46371.25621392,-30128.74378608,0.8460804066161339,2.0,D2
LNG_S1_2023,2023,S1,D2,2597094,LNG_S1_2023,LNG,100000,102000,D4,2023,LNG,41971.14852966,5000.0,1000.0,17077.87951668,Buy,100000.0,23077.87951668,123077.87951668,0.23704656787243356,7.0,D2
LNG_S1_2023,2023,S1,D2,2597094,LNG_S1_2023,LNG,100000,102000,D4,2023,LNG,41971.14852966,5000.0,1000.0,17077.87951668,Sell,90000.0,23077.87951668,-66922.12048332,0.7149208355346852,3.0,D2
LNG_S1_2023,2023,S1,D2,2597094,LNG_S1_2023,LNG,100000,102000,D4,2023,BioLNG,6375.2658937020005,5000.0,1000.0,18325.652864760003,Buy,100000.0,24325.652864760003,124325.65286476,0.43481819065744287,5.0,D2
LNG_S1_2023,2023,S1,D2,2597094,LNG_S1_2023,LNG,100000,102000,D4,2023,BioLNG,6375.2658937020005,5000.0,1000.0,18325.652864760003,Sell,90000.0,24325.652864760003,-65674.34713524,0.9949496118000528,1.0,D2
Diesel_S1_2023,2023,S1,D3,3292011,Diesel_S1_2023,Diesel,85000,102000,D4,2023,B20,69347.97596256,4250.0,850.0,27771.219050879998,Buy,85000.0,32871.21905088,117871.21905088,0.05408464723432624,8.0,D3
Diesel_S1_2023,2023,S1,D3,3292011,Diesel_S1_2023,Diesel,85000,102000,D4,2023,B20,69347.97596256,4250.0,850.0,27771.219050879998,Sell,76500.0,32871.21905088,-43628.78094912,0.5404560050469607,4.0,D3
Diesel_S1_2023,2023,S1,D3,3292011,Diesel_S1_2023,Diesel,85000,102000,D4,2023,HVO,11092.291306368,4250.0,850.0,41271.25621392,Buy,85000.0,46371.25621392,131371.25621392002,0.40638172048332827,6.0,D3
Diesel_S1_2023,2023,S1,D3,3292011,Diesel_S1_2023,Diesel,85000,102000,D4,2023,HVO,11092.291306368,4250.0,850.0,41271.25621392,Sell,76500.0,46371.25621392,-30128.74378608,0.8460804066161339,2.0,D3
LNG_S1_2023,2023,S1,D3,3292011,LNG_S1_2023,LNG,100000,102000,D4,2023,LNG,41971.14852966,5000.0,1000.0,17077.87951668,Buy,100000.0,23077.87951668,123077.87951668,0.23704656787243356,7.0,D3
LNG_S1_2023,2023,S1,D3,3292011,LNG_S1_2023,LNG,100000,102000,D4,2023,LNG,41971.14852966,5000.0,1000.0,17077.87951668,Sell,90000.0,23077.87951668,-66922.12048332,0.7149208355346852,3.0,D3
LNG_S1_2023,2023,S1,D3,3292011,LNG_S1_2023,LNG,100000,102000,D4,2023,BioLNG,6375.2658937020005,5000.0,1000.0,18325.652864760003,Buy,100000.0,24325.652864760003,124325.65286476,0.43481819065744287,5.0,D3
LNG_S1_2023,2023,S1,D3,3292011,LNG_S1_2023,LNG,100000,102000,D4,2023,BioLNG,6375.2658937020005,5000.0,1000.0,18325.652864760003,Sell,90000.0,24325.652864760003,-65674.34713524,0.9949496118000528,1.0,D3
Diesel_S1_2023,2023,S1,D4,414315,Diesel_S1_2023,Diesel,85000,102000,D4,2023,B20,69347.97596256,4250.0,850.0,27771.219050879998,Buy,85000.0,32871.21905088,117871.21905088,0.05408464723432624,8.0,D4
Diesel_S1_2023,2023,S1,D4,414315,Diesel_S1_2023,Diesel,85000,102000,D4,2023,B20,69347.97596256,4250.0,850.0,27771.219050879998,Sell,76500.0,32871.21905088,-43628.78094912,0.5404560050469607,4.0,D4
Diesel_S1_2023,2023,S1,D4,414315,Diesel_S1_2023,Diesel,85000,102000,D4,2023,HVO,11092.291306368,4250.0,850.0,41271.25621392,Buy,85000.0,46371.25621392,131371.25621392002,0.40638172048332827,6.0,D4
Diesel_S1_2023,2023,S1,D4,414315,Diesel_S1_2023,Diesel,85000,102000,D4,2023,HVO,11092.291306368,4250.0,850.0,41271.25621392,Sell,76500.0,46371.25621392,-30128.74378608,0.8460804066161339,2.0,D4
LNG_S1_2023,2023,S1,D4,414315,LNG_S1_2023,LNG,100000,102000,D4,2023,LNG,41971.14852966,5000.0,1000.0,17077.87951668,Buy,100000.0,23077.87951668,123077.87951668,0.23704656787243356,7.0,D4
LNG_S1_2023,2023,S1,D4,414315,LNG_S1_2023,LNG,100000,102000,D4,2023,LNG,41971.14852966,5000.0,1000.0,17077.87951668,Sell,90000.0,23077.87951668,-66922.12048332,0.7149208355346852,3.0,D4
LNG_S1_2023,2023,S1,D4,414315,LNG_S1_2023,LNG,100000,102000,D4,2023,BioLNG,6375.2658937020005,5000.0,1000.0,18325.652864760003,Buy,100000.0,24325.652864760003,124325.65286476,0.43481819065744287,5.0,D4
LNG_S1_2023,2023,S1,D4,414315,LNG_S1_2023,LNG,100000,102000,D4,2023,BioLNG,6375.2658937020005,5000.0,1000.0,18325.652864760003,Sell,90000.0,24325.652864760003,-65674.34713524,0.9949496118000528,1.0,D4
BEV_S2_2023,2023,S2,D1,995694,BEV_S2_2023,BEV,272000,106000,D1,2023,Electricity,0.0,13600.0,2720.0,18231.8058928,Buy,272000.0,34551.805892799995,306551.8058928,0.368801502875525,8.0,D1
BEV_S2_2023,2023,S2,D1,995694,BEV_S2_2023,BEV,272000,106000,D1,2023,Electricity,0.0,13600.0,2720.0,18231.8058928,Sell,244800.0,34551.805892799995,-210248.19410720002,1.0,1.0,D1
Diesel_S2_2023,2023,S2,D1,995694,Diesel_S2_2023,Diesel,104000,106000,D4,2023,B20,72337.65739696,5200.0,1040.0,28968.472422079994,Buy,104000.0,35208.47242208,139208.47242208,0.26596749359279614,10.0,D1
Diesel_S2_2023,2023,S2,D1,995694,Diesel_S2_2023,Diesel,104000,106000,D4,2023,B20,72337.65739696,5200.0,1040.0,28968.472422079994,Sell,93600.0,35208.47242208,-58391.52757792,0.5191687953189941,5.0,D1
Diesel_S2_2023,2023,S2,D1,995694,Diesel_S2_2023,Diesel,104000,106000,D4,2023,HVO,11570.494410688,5200.0,1040.0,43050.51374472,Buy,104000.0,49290.51374472,153290.51374472,0.4469409243196626,7.0,D1
Diesel_S2_2023,2023,S2,D1,995694,Diesel_S2_2023,Diesel,104000,106000,D4,2023,HVO,11570.494410688,5200.0,1040.0,43050.51374472,Sell,93600.0,49290.51374472,-44309.48625528,0.714705480426839,3.0,D1
LNG_S2_2023,2023,S2,D1,995694,LNG_S2_2023,LNG,133000,106000,D4,2023,LNG,43546.448237460005,6650.0,1330.0,17718.86218108,Buy,133000.0,25698.86218108,158698.86218108,0.3165949660462837,9.0,D1
LNG_S2_2023,2023,S2,D1,995694,LNG_S2_2023,LNG,133000,106000,D4,2023,LNG,43546.448237460005,6650.0,1330.0,17718.86218108,Sell,119700.0,25698.86218108,-94001.13781892,0.6596513348667091,4.0,D1
LNG_S2_2023,2023,S2,D1,995694,LNG_S2_2023,LNG,133000,106000,D4,2023,BioLNG,6706.54836679,6650.0,1330.0,19277.9217902,Buy,133000.0,27257.9217902,160257.9217902,0.4552991152726574,6.0,D1
LNG_S2_2023,2023,S2,D1,995694,LNG_S2_2023,LNG,133000,106000,D4,2023,BioLNG,6706.54836679,6650.0,1330.0,19277.9217902,Sell,119700.0,27257.9217902,-92442.0782098,0.7998841292671522,2.0,D1
Diesel_S2_2023,2023,S2,D2,1383196,Diesel_S2_2023,Diesel,104000,106000,D4,2023,B20,72337.65739696,5200.0,1040.0,28968.472422079994,Buy,104000.0,35208.47242208,139208.47242208,0.06600448299052092,8.0,D2
Diesel_S2_2023,2023,S2,D2,1383196,Diesel_S2_2023,Diesel,104000,106000,D4,2023,B20,72337.65739696,5200.0,1040.0,28968.472422079994,Sell,93600.0,35208.47242208,-58391.52757792,0.5367817085299761,4.0,D2
Diesel_S2_2023,2023,S2,D2,1383196,Diesel_S2_2023,Diesel,104000,106000,D4,2023,HVO,11570.494410688,5200.0,1040.0,43050.51374472,Buy,104000.0,49290.51374472,153290.51374472,0.4094254536005666,6.0,D2
Diesel_S2_2023,2023,S2,D2,1383196,Diesel_S2_2023,Diesel,104000,106000,D4,2023,HVO,11570.494410688,5200.0,1040.0,43050.51374472,Sell,93600.0,49290.51374472,-44309.48625528,0.8381545834592675,2.0,D2
LNG_S2_2023,2023,S2,D2,1383196,LNG_S2_2023,LNG,133000,106000,D4,2023,LNG,43546.448237460005,6650.0,1330.0,17718.86218108,Buy,133000.0,25698.86218108,158698.86218108,0.22929368763533922,7.0,D2
LNG_S2_2023,2023,S2,D2,1383196,LNG_S2_2023,LNG,133000,106000,D4,2023,LNG,43546.448237460005,6650.0,1330.0,17718.86218108,Sell,119700.0,25698.86218108,-94001.13781892,0.7196114246769131,3.0,D2
LNG_S2_2023,2023,S2,D2,1383196,LNG_S2_2023,LNG,133000,106000,D4,2023,BioLNG,6706.54836679,6650.0,1330.0,19277.9217902,Buy,133000.0,27257.9217902,160257.9217902,0.42155076824690474,5.0,D2
LNG_S2_2023,2023,S2,D2,1383196,LNG_S2_2023,LNG,133000,106000,D4,2023,BioLNG,6706.54836679,6650.0,1330.0,19277.9217902,Sell,119700.0,27257.9217902,-92442.0782098,0.9950492475878093,1.0,D2
Diesel_S2_2023,2023,S2,D3,778008,Diesel_S2_2023,Diesel,104000,106000,D4,2023,B20,72337.65739696,5200.0,1040.0,28968.472422079994,Buy,104000.0,35208.47242208,139208.47242208,0.06600448299052092,8.0,D3
Diesel_S2_2023,2023,S2,D3,778008,Diesel_S2_2023,Diesel,104000,106000,D4,2023,B20,72337.65739696,5200.0,1040.0,28968.472422079994,Sell,93600.0,35208.47242208,-58391.52757792,0.5367817085299761,4.0,D3
Diesel_S2_2023,2023,S2,D3,778008,Diesel_S2_2023,Diesel,104000,106000,D4,2023,HVO,11570.494410688,5200.0,1040.0,43050.51374472,Buy,104000.0,49290.51374472,153290.51374472,0.4094254536005666,6.0,D3
Diesel_S2_2023,2023,S2,D3,778008,Diesel_S2_2023,Diesel,104000,106000,D4,2023,HVO,11570.494410688,5200.0,1040.0,43050.51374472,Sell,93600.0,49290.51374472,-44309.48625528,0.8381545834592675,2.0,D3
LNG_S2_2023,2023,S2,D3,778008,LNG_S2_2023,LNG,133000,106000,D4,2023,LNG,43546.448237460005,6650.0,1330.0,17718.86218108,Buy,133000.0,25698.86218108,158698.86218108,0.22929368763533922,7.0,D3
LNG_S2_2023,2023,S2,D3,778008,LNG_S2_2023,LNG,133000,106000,D4,2023,LNG,43546.448237460005,6650.0,1330.0,17718.86218108,Sell,119700.0,25698.86218108,-94001.13781892,0.7196114246769131,3.0,D3
LNG_S2_2023,2023,S2,D3,778008,LNG_S2_2023,LNG,133000,106000,D4,2023,BioLNG,6706.54836679,6650.0,1330.0,19277.9217902,Buy,133000.0,27257.9217902,160257.9217902,0.42155076824690474,5.0,D3
LNG_S2_2023,2023,S2,D3,778008,LNG_S2_2023,LNG,133000,106000,D4,2023,BioLNG,6706.54836679,6650.0,1330.0,19277.9217902,Sell,119700.0,27257.9217902,-92442.0782098,0.9950492475878093,1.0,D3
Diesel_S2_2023,2023,S2,D4,133677,Diesel_S2_2023,Diesel,104000,106000,D4,2023,B20,72337.65739696,5200.0,1040.0,28968.472422079994,Buy,104000.0,35208.47242208,139208.47242208,0.06600448299052092,8.0,D4
Diesel_S2_2023,2023,S2,D4,133677,Diesel_S2_2023,Diesel,104000,106000,D4,2023,B20,72337.65739696,5200.0,1040.0,28968.472422079994,Sell,93600.0,35208.47242208,-58391.52757792,0.5367817085299761,4.0,D4
Diesel_S2_2023,2023,S2,D4,133677,Diesel_S2_2023,Diesel,104000,106000,D4,2023,HVO,11570.494410688,5200.0,1040.0,43050.51374472,Buy,104000.0,49290.51374472,153290.51374472,0.4094254536005666,6.0,D4
Diesel_S2_2023,2023,S2,D4,133677,Diesel_S2_2023,Diesel,104000,106000,D4,2023,HVO,11570.494410688,5200.0,1040.0,43050.51374472,Sell,93600.0,49290.51374472,-44309.48625528,0.8381545834592675,2.0,D4
LNG_S2_2023,2023,S2,D4,133677,LNG_S2_2023,LNG,133000,106000,D4,2023,LNG,43546.448237460005,6650.0,1330.0,17718.86218108,Buy,133000.0,25698.86218108,158698.86218108,0.22929368763533922,7.0,D4
LNG_S2_2023,2023,S2,D4,133677,LNG_S2_2023,LNG,133000,106000,D4,2023,LNG,43546.448237460005,6650.0,1330.0,17718.86218108,Sell,119700.0,25698.86218108,-94001.13781892,0.7196114246769131,3.0,D4
LNG_S2_2023,2023,S2,D4,133677,LNG_S2_2023,LNG,133000,106000,D4,2023,BioLNG,6706.54836679,6650.0,1330.0,19277.9217902,Buy,133000.0,27257.9217902,160257.9217902,0.42155076824690474,5.0,D4
LNG_S2_2023,2023,S2,D4,133677,LNG_S2_2023,LNG,133000,106000,D4,2023,BioLNG,6706.54836679,6650.0,1330.0,19277.9217902,Sell,119700.0,27257.9217902,-92442.0782098,0.9950492475878093,1.0,D4
BEV_S3_2023,2023,S3,D1,2183475,BEV_S3_2023,BEV,309090,73000,D1,2023,Electricity,0.0,15454.5,3090.9,12572.709216229,Buy,309090.0,31118.109216229,340208.109216229,0.36546197716727374,8.0,D1
BEV_S3_2023,2023,S3,D1,2183475,BEV_S3_2023,BEV,309090,73000,D1,2023,Electricity,0.0,15454.5,3090.9,12572.709216229,Sell,278181.0,31118.109216229,-247062.890783771,1.0,1.0,D1
Diesel_S3_2023,2023,S3,D1,2183475,Diesel_S3_2023,Diesel,118181,73000,D4,2023,B20,49868.62895988,5909.05,1181.81,19970.48362824,Buy,118181.0,27061.34362824,145242.34362824,0.27346306097554474,10.0,D1
Diesel_S3_2023,2023,S3,D1,2183475,Diesel_S3_2023,Diesel,118181,73000,D4,2023,B20,49868.62895988,5909.05,1181.81,19970.48362824,Sell,106362.9,27061.34362824,-79301.55637176,0.5263170042260366,5.0,D1
Diesel_S3_2023,2023,S3,D1,2183475,Diesel_S3_2023,Diesel,118181,73000,D4,2023,HVO,7976.546565264,5909.05,1181.81,29678.457579660004,Buy,118181.0,36769.317579660004,154950.31757966,0.4553988700464743,6.0,D1
Diesel_S3_2023,2023,S3,D1,2183475,Diesel_S3_2023,Diesel,118181,73000,D4,2023,HVO,7976.546565264,5909.05,1181.81,29678.457579660004,Sell,106362.9,36769.317579660004,-69593.58242033998,0.7288336038267472,3.0,D1
LNG_S3_2023,2023,S3,D1,2183475,LNG_S3_2023,LNG,151136,73000,D4,2023,LNG,29914.03448901,7556.8,1511.36,12171.89175798,Buy,151136.0,21240.05175798,172376.05175798,0.3163499165739368,9.0,D1
LNG_S3_2023,2023,S3,D1,2183475,LNG_S3_2023,LNG,151136,73000,D4,2023,LNG,29914.03448901,7556.8,1511.36,12171.89175798,Sell,136022.4,21240.05175798,-114782.34824202,0.6621468456864591,4.0,D1
LNG_S3_2023,2023,S3,D1,2183475,LNG_S3_2023,LNG,151136,73000,D4,2023,BioLNG,4549.567924148,7556.8,1511.36,13077.69806824,Buy,151136.0,22145.85806824,173281.85806824,0.45352127255884767,7.0,D1
LNG_S3_2023,2023,S3,D1,2183475,LNG_S3_2023,LNG,151136,73000,D4,2023,BioLNG,4549.567924148,7556.8,1511.36,13077.69806824,Sell,136022.4,22145.85806824,-113876.54193176,0.8004325865735227,2.0,D1
Diesel_S3_2023,2023,S3,D2,2431901,Diesel_S3_2023,Diesel,118181,73000,D4,2023,B20,49868.62895988,5909.05,1181.81,19970.48362824,Buy,118181.0,27061.34362824,145242.34362824,0.07804385523677086,8.0,D2
Diesel_S3_2023,2023,S3,D2,2431901,Diesel_S3_2023,Diesel,118181,73000,D4,2023,B20,49868.62895988,5909.05,1181.81,19970.48362824,Sell,106362.9,27061.34362824,-79301.55637176,0.5481083474647949,4.0,D2
Diesel_S3_2023,2023,S3,D2,2431901,Diesel_S3_2023,Diesel,118181,73000,D4,2023,HVO,7976.546565264,5909.05,1181.81,29678.457579660004,Buy,118181.0,36769.317579660004,154950.31757966,0.4136044430598649,6.0,D2
Diesel_S3_2023,2023,S3,D2,2431901,Diesel_S3_2023,Diesel,118181,73000,D4,2023,HVO,7976.546565264,5909.05,1181.81,29678.457579660004,Sell,106362.9,36769.317579660004,-69593.58242033998,0.8657703779321566,2.0,D2
LNG_S3_2023,2023,S3,D2,2431901,LNG_S3_2023,LNG,151136,73000,D4,2023,LNG,29914.03448901,7556.8,1511.36,12171.89175798,Buy,151136.0,21240.05175798,172376.05175798,0.22610069512589906,7.0,D2
LNG_S3_2023,2023,S3,D2,2431901,LNG_S3_2023,LNG,151136,73000,D4,2023,LNG,29914.03448901,7556.8,1511.36,12171.89175798,Sell,136022.4,21240.05175798,-114782.34824202,0.7244208585263846,3.0,D2
LNG_S3_2023,2023,S3,D2,2431901,LNG_S3_2023,LNG,151136,73000,D4,2023,BioLNG,4549.567924148,7556.8,1511.36,13077.69806824,Buy,151136.0,22145.85806824,173281.85806824,0.4160033256411217,5.0,D2
LNG_S3_2023,2023,S3,D2,2431901,LNG_S3_2023,LNG,151136,73000,D4,2023,BioLNG,4549.567924148,7556.8,1511.36,13077.69806824,Sell,136022.4,22145.85806824,-113876.54193176,0.9974401103642124,1.0,D2
Diesel_S3_2023,2023,S3,D3,1002466,Diesel_S3_2023,Diesel,118181,73000,D4,2023,B20,49868.62895988,5909.05,1181.81,19970.48362824,Buy,118181.0,27061.34362824,145242.34362824,0.07804385523677086,8.0,D3
Diesel_S3_2023,2023,S3,D3,1002466,Diesel_S3_2023,Diesel,118181,73000,D4,2023,B20,49868.62895988,5909.05,1181.81,19970.48362824,Sell,106362.9,27061.34362824,-79301.55637176,0.5481083474647949,4.0,D3
Diesel_S3_2023,2023,S3,D3,1002466,Diesel_S3_2023,Diesel,118181,73000,D4,2023,HVO,7976.546565264,5909.05,1181.81,29678.457579660004,Buy,118181.0,36769.317579660004,154950.31757966,0.4136044430598649,6.0,D3
Diesel_S3_2023,2023,S3,D3,1002466,Diesel_S3_2023,Diesel,118181,73000,D4,2023,HVO,7976.546565264,5909.05,1181.81,29678.457579660004,Sell,106362.9,36769.317579660004,-69593.58242033998,0.8657703779321566,2.0,D3
LNG_S3_2023,2023,S3,D3,1002466,LNG_S3_2023,LNG,151136,73000,D4,2023,LNG,29914.03448901,7556.8,1511.36,12171.89175798,Buy,151136.0,21240.05175798,172376.05175798,0.22610069512589906,7.0,D3
LNG_S3_2023,2023,S3,D3,1002466,LNG_S3_2023,LNG,151136,73000,D4,2023,LNG,29914.03448901,7556.8,1511.36,12171.89175798,Sell,136022.4,21240.05175798,-114782.34824202,0.7244208585263846,3.0,D3
LNG_S3_2023,2023,S3,D3,1002466,LNG_S3_2023,LNG,151136,73000,D4,2023,BioLNG,4549.567924148,7556.8,1511.36,13077.69806824,Buy,151136.0,22145.85806824,173281.85806824,0.4160033256411217,5.0,D3
LNG_S3_2023,2023,S3,D3,1002466,LNG_S3_2023,LNG,151136,73000,D4,2023,BioLNG,4549.567924148,7556.8,1511.36,13077.69806824,Sell,136022.4,22145.85806824,-113876.54193176,0.9974401103642124,1.0,D3
Diesel_S3_2023,2023,S3,D4,205426,Diesel_S3_2023,Diesel,118181,73000,D4,2023,B20,49868.62895988,5909.05,1181.81,19970.48362824,Buy,118181.0,27061.34362824,145242.34362824,0.07804385523677086,8.0,D4
Diesel_S3_2023,2023,S3,D4,205426,Diesel_S3_2023,Diesel,118181,73000,D4,2023,B20,49868.62895988,5909.05,1181.81,19970.48362824,Sell,106362.9,27061.34362824,-79301.55637176,0.5481083474647949,4.0,D4
Diesel_S3_2023,2023,S3,D4,205426,Diesel_S3_2023,Diesel,118181,73000,D4,2023,HVO,7976.546565264,5909.05,1181.81,29678.457579660004,Buy,118181.0,36769.317579660004,154950.31757966,0.4136044430598649,6.0,D4
Diesel_S3_2023,2023,S3,D4,205426,Diesel_S3_2023,Diesel,118181,73000,D4,2023,HVO,7976.546565264,5909.05,1181.81,29678.457579660004,Sell,106362.9,36769.317579660004,-69593.58242033998,0.8657703779321566,2.0,D4
LNG_S3_2023,2023,S3,D4,205426,LNG_S3_2023,LNG,151136,73000,D4,2023,LNG,29914.03448901,7556.8,1511.36,12171.89175798,Buy,151136.0,21240.05175798,172376.05175798,0.22610069512589906,7.0,D4
LNG_S3_2023,2023,S3,D4,205426,LNG_S3_2023,LNG,151136,73000,D4,2023,LNG,29914.03448901,7556.8,1511.36,12171.89175798,Sell,136022.4,21240.05175798,-114782.34824202,0.7244208585263846,3.0,D4
LNG_S3_2023,2023,S3,D4,205426,LNG_S3_2023,LNG,151136,73000,D4,2023,BioLNG,4549.567924148,7556.8,1511.36,13077.69806824,Buy,151136.0,22145.85806824,173281.85806824,0.4160033256411217,5.0,D4
LNG_S3_2023,2023,S3,D4,205426,LNG_S3_2023,LNG,151136,73000,D4,2023,BioLNG,4549.567924148,7556.8,1511.36,13077.69806824,Sell,136022.4,22145.85806824,-113876.54193176,0.9974401103642124,1.0,D4
BEV_S4_2023,2023,S4,D1,14576,BEV_S4_2023,BEV,395636,118000,D1,2023,Electricity,0.0,19781.800000000003,3956.36,20383.231408432,Buy,395636.0,44121.391408432,439757.391408432,0.3646064168680553,8.0,D1
BEV_S4_2023,2023,S4,D1,14576,BEV_S4_2023,BEV,395636,118000,D1,2023,Electricity,0.0,19781.800000000003,3956.36,20383.231408432,Sell,356072.4,44121.391408432,-311951.00859156804,1.0,1.0,D1
Diesel_S4_2023,2023,S4,D1,14576,Diesel_S4_2023,Diesel,151272,118000,D4,2023,B20,79078.90308788,7563.6,1512.72,31668.08417224,Buy,151272.0,40744.40417224,192016.40417224,0.27191376769557224,10.0,D1
Diesel_S4_2023,2023,S4,D1,14576,Diesel_S4_2023,Diesel,151272,118000,D4,2023,B20,79078.90308788,7563.6,1512.72,31668.08417224,Sell,136144.80000000002,40744.40417224,-95400.39582776002,0.5257908588808042,5.0,D1
Diesel_S4_2023,2023,S4,D1,14576,Diesel_S4_2023,Diesel,151272,118000,D4,2023,HVO,12648.764683664,7563.6,1512.72,47062.45027566,Buy,151272.0,56138.77027566,207410.77027566,0.4510280765167972,7.0,D1
Diesel_S4_2023,2023,S4,D1,14576,Diesel_S4_2023,Diesel,151272,118000,D4,2023,HVO,12648.764683664,7563.6,1512.72,47062.45027566,Sell,136144.80000000002,56138.77027566,-80006.02972434001,0.7236286878103155,3.0,D1
LNG_S4_2023,2023,S4,D1,14576,LNG_S4_2023,LNG,193454,118000,D4,2023,LNG,49073.243635080005,9672.7,1934.54,19967.69141784,Buy,193454.0,31574.93141784,225028.93141784,0.3103400847852442,9.0,D1
LNG_S4_2023,2023,S4,D1,14576,LNG_S4_2023,LNG,193454,118000,D4,2023,LNG,49073.243635080005,9672.7,1934.54,19967.69141784,Sell,174108.6,31574.93141784,-142533.66858216,0.6562797201475864,4.0,D1
LNG_S4_2023,2023,S4,D1,14576,LNG_S4_2023,LNG,193454,118000,D4,2023,BioLNG,7416.792842576001,9672.7,1934.54,21319.514082880003,Buy,193454.0,32926.754082880005,226380.75408288,0.4520350911949941,6.0,D1
LNG_S4_2023,2023,S4,D1,14576,LNG_S4_2023,LNG,193454,118000,D4,2023,BioLNG,7416.792842576001,9672.7,1934.54,21319.514082880003,Sell,174108.6,32926.754082880005,-141181.84591712,0.7995940996105423,2.0,D1
Diesel_S4_2023,2023,S4,D2,754717,Diesel_S4_2023,Diesel,151272,118000,D4,2023,B20,79078.90308788,7563.6,1512.72,31668.08417224,Buy,151272.0,40744.40417224,192016.40417224,0.07480707026846463,8.0,D2
Diesel_S4_2023,2023,S4,D2,754717,Diesel_S4_2023,Diesel,151272,118000,D4,2023,B20,79078.90308788,7563.6,1512.72,31668.08417224,Sell,136144.80000000002,40744.40417224,-95400.39582776002,0.5471460530518036,4.0,D2
Diesel_S4_2023,2023,S4,D2,754717,Diesel_S4_2023,Diesel,151272,118000,D4,2023,HVO,12648.764683664,7563.6,1512.72,47062.45027566,Buy,151272.0,56138.77027566,207410.77027566,0.4101789654402999,6.0,D2
Diesel_S4_2023,2023,S4,D2,754717,Diesel_S4_2023,Diesel,151272,118000,D4,2023,HVO,12648.764683664,7563.6,1512.72,47062.45027566,Sell,136144.80000000002,56138.77027566,-80006.02972434001,0.856735771891112,2.0,D2
LNG_S4_2023,2023,S4,D2,754717,LNG_S4_2023,LNG,193454,118000,D4,2023,LNG,49073.243635080005,9672.7,1934.54,19967.69141784,Buy,193454.0,31574.93141784,225028.93141784,0.21621386059187256,7.0,D2
LNG_S4_2023,2023,S4,D2,754717,LNG_S4_2023,LNG,193454,118000,D4,2023,LNG,49073.243635080005,9672.7,1934.54,19967.69141784,Sell,174108.6,31574.93141784,-142533.66858216,0.7163971924939089,3.0,D2
LNG_S4_2023,2023,S4,D2,754717,LNG_S4_2023,LNG,193454,118000,D4,2023,BioLNG,7416.792842576001,9672.7,1934.54,21319.514082880003,Buy,193454.0,32926.754082880005,226380.75408288,0.4153845095824412,5.0,D2
LNG_S4_2023,2023,S4,D2,754717,LNG_S4_2023,LNG,193454,118000,D4,2023,BioLNG,7416.792842576001,9672.7,1934.54,21319.514082880003,Sell,174108.6,32926.754082880005,-141181.84591712,0.9970145655532338,1.0,D2
Diesel_S4_2023,2023,S4,D3,118899,Diesel_S4_2023,Diesel,151272,118000,D4,2023,B20,79078.90308788,7563.6,1512.72,31668.08417224,Buy,151272.0,40744.40417224,192016.40417224,0.07480707026846463,8.0,D3
Diesel_S4_2023,2023,S4,D3,118899,Diesel_S4_2023,Diesel,151272,118000,D4,2023,B20,79078.90308788,7563.6,1512.72,31668.08417224,Sell,136144.80000000002,40744.40417224,-95400.39582776002,0.5471460530518036,4.0,D3
Diesel_S4_2023,2023,S4,D3,118899,Diesel_S4_2023,Diesel,151272,118000,D4,2023,HVO,12648.764683664,7563.6,1512.72,47062.45027566,Buy,151272.0,56138.77027566,207410.77027566,0.4101789654402999,6.0,D3
Diesel_S4_2023,2023,S4,D3,118899,Diesel_S4_2023,Diesel,151272,118000,D4,2023,HVO,12648.764683664,7563.6,1512.72,47062.45027566,Sell,136144.80000000002,56138.77027566,-80006.02972434001,0.856735771891112,2.0,D3
LNG_S4_2023,2023,S4,D3,118899,LNG_S4_2023,LNG,193454,118000,D4,2023,LNG,49073.243635080005,9672.7,1934.54,19967.69141784,Buy,193454.0,31574.93141784,225028.93141784,0.21621386059187256,7.0,D3
LNG_S4_2023,2023,S4,D3,118899,LNG_S4_2023,LNG,193454,118000,D4,2023,LNG,49073.243635080005,9672.7,1934.54,19967.69141784,Sell,174108.6,31574.93141784,-142533.66858216,0.7163971924939089,3.0,D3
LNG_S4_2023,2023,S4,D3,118899,LNG_S4_2023,LNG,193454,118000,D4,2023,BioLNG,7416.792842576001,9672.7,1934.54,21319.514082880003,Buy,193454.0,32926.754082880005,226380.75408288,0.4153845095824412,5.0,D3
LNG_S4_2023,2023,S4,D3,118899,LNG_S4_2023,LNG,193454,118000,D4,2023,BioLNG,7416.792842576001,9672.7,1934.54,21319.514082880003,Sell,174108.6,32926.754082880005,-141181.84591712,0.9970145655532338,1.0,D3
Diesel_S4_2023,2023,S4,D4,1809,Diesel_S4_2023,Diesel,151272,118000,D4,2023,B20,79078.90308788,7563.6,1512.72,31668.08417224,Buy,151272.0,40744.40417224,192016.40417224,0.07480707026846463,8.0,D4
Diesel_S4_2023,2023,S4,D4,1809,Diesel_S4_2023,Diesel,151272,118000,D4,2023,B20,79078.90308788,7563.6,1512.72,31668.08417224,Sell,136144.80000000002,40744.40417224,-95400.39582776002,0.5471460530518036,4.0,D4
Diesel_S4_2023,2023,S4,D4,1809,Diesel_S4_2023,Diesel,151272,118000,D4,2023,HVO,12648.764683664,7563.6,1512.72,47062.45027566,Buy,151272.0,56138.77027566,207410.77027566,0.4101789654402999,6.0,D4
Diesel_S4_2023,2023,S4,D4,1809,Diesel_S4_2023,Diesel,151272,118000,D4,2023,HVO,12648.764683664,7563.6,1512.72,47062.45027566,Sell,136144.80000000002,56138.77027566,-80006.02972434001,0.856735771891112,2.0,D4
LNG_S4_2023,2023,S4,D4,1809,LNG_S4_2023,LNG,193454,118000,D4,2023,LNG,49073.243635080005,9672.7,1934.54,19967.69141784,Buy,193454.0,31574.93141784,225028.93141784,0.21621386059187256,7.0,D4
LNG_S4_2023,2023,S4,D4,1809,LNG_S4_2023,LNG,193454,118000,D4,2023,LNG,49073.243635080005,9672.7,1934.54,19967.69141784,Sell,174108.6,31574.93141784,-142533.66858216,0.7163971924939089,3.0,D4
LNG_S4_2023,2023,S4,D4,1809,LNG_S4_2023,LNG,193454,118000,D4,2023,BioLNG,7416.792842576001,9672.7,1934.54,21319.514082880003,Buy,193454.0,32926.754082880005,226380.75408288,0.4153845095824412,5.0,D4
LNG_S4_2023,2023,S4,D4,1809,LNG_S4_2023,LNG,193454,118000,D4,2023,BioLNG,7416.792842576001,9672.7,1934.54,21319.514082880003,Sell,174108.6,32926.754082880005,-141181.84591712,0.9970145655532338,1.0,D4
