-- MySQL dump 10.13  Distrib 8.0.39, for Win64 (x86_64)
--
-- Host: localhost    Database: fleet_data
-- ------------------------------------------------------
-- Server version	8.0.39

/*!40101 SET @OLD_CHARACTER_SET_CLIENT=@@CHARACTER_SET_CLIENT */;
/*!40101 SET @OLD_CHARACTER_SET_RESULTS=@@CHARACTER_SET_RESULTS */;
/*!40101 SET @OLD_COLLATION_CONNECTION=@@COLLATION_CONNECTION */;
/*!50503 SET NAMES utf8mb4 */;
/*!40103 SET @OLD_TIME_ZONE=@@TIME_ZONE */;
/*!40103 SET TIME_ZONE='+00:00' */;
/*!40014 SET @OLD_UNIQUE_CHECKS=@@UNIQUE_CHECKS, UNIQUE_CHECKS=0 */;
/*!40014 SET @OLD_FOREIGN_KEY_CHECKS=@@FOREIGN_KEY_CHECKS, FOREIGN_KEY_CHECKS=0 */;
/*!40101 SET @OLD_SQL_MODE=@@SQL_MODE, SQL_MODE='NO_AUTO_VALUE_ON_ZERO' */;
/*!40111 SET @OLD_SQL_NOTES=@@SQL_NOTES, SQL_NOTES=0 */;

--
-- Table structure for table `carbon_emissions`
--

DROP TABLE IF EXISTS `carbon_emissions`;
/*!40101 SET @saved_cs_client     = @@character_set_client */;
/*!50503 SET character_set_client = utf8mb4 */;
CREATE TABLE `carbon_emissions` (
  `year` int DEFAULT NULL,
  `carbon_emission` int DEFAULT NULL
) ENGINE=InnoDB DEFAULT CHARSET=utf8mb4 COLLATE=utf8mb4_0900_ai_ci;
/*!40101 SET character_set_client = @saved_cs_client */;

--
-- Dumping data for table `carbon_emissions`
--

LOCK TABLES `carbon_emissions` WRITE;
/*!40000 ALTER TABLE `carbon_emissions` DISABLE KEYS */;
INSERT INTO `carbon_emissions` VALUES (2023,11677957),(2024,10510161),(2025,9459145),(2026,8513230),(2027,7661907),(2028,6895716),(2029,6206145),(2030,5585530),(2031,5026977),(2032,4524279),(2033,4071851),(2034,3664666),(2035,3298199),(2036,2968379),(2037,2671541),(2038,2404387);
/*!40000 ALTER TABLE `carbon_emissions` ENABLE KEYS */;
UNLOCK TABLES;

--
-- Table structure for table `cost_profiles`
--

DROP TABLE IF EXISTS `cost_profiles`;
/*!40101 SET @saved_cs_client     = @@character_set_client */;
/*!50503 SET character_set_client = utf8mb4 */;
CREATE TABLE `cost_profiles` (
  `end_of_year` int DEFAULT NULL,
  `resale_value_percent` int DEFAULT NULL,
  `insurance_cost_percent` bigint DEFAULT NULL,
  `maintenance_cost_percent` int DEFAULT NULL
) ENGINE=InnoDB DEFAULT CHARSET=utf8mb4 COLLATE=utf8mb4_0900_ai_ci;
/*!40101 SET character_set_client = @saved_cs_client */;

--
-- Dumping data for table `cost_profiles`
--

LOCK TABLES `cost_profiles` WRITE;
/*!40000 ALTER TABLE `cost_profiles` DISABLE KEYS */;
INSERT INTO `cost_profiles` VALUES (1,90,5,1),(2,80,6,3),(3,70,7,5),(4,60,8,7),(5,50,9,9),(6,40,10,11),(7,30,11,13),(8,30,12,15),(9,30,13,17),(10,30,14,19);
/*!40000 ALTER TABLE `cost_profiles` ENABLE KEYS */;
UNLOCK TABLES;

--
-- Table structure for table `demand`
--

DROP TABLE IF EXISTS `demand`;
/*!40101 SET @saved_cs_client     = @@character_set_client */;
/*!50503 SET character_set_client = utf8mb4 */;
CREATE TABLE `demand` (
  `year` int DEFAULT NULL,
  `size` varchar(2) DEFAULT NULL,
  `distance` varchar(2) DEFAULT NULL,
  `demand` int DEFAULT NULL
) ENGINE=InnoDB DEFAULT CHARSET=utf8mb4 COLLATE=utf8mb4_0900_ai_ci;
/*!40101 SET character_set_client = @saved_cs_client */;

--
-- Dumping data for table `demand`
--

LOCK TABLES `demand` WRITE;
/*!40000 ALTER TABLE `demand` DISABLE KEYS */;
INSERT INTO `demand` VALUES (2023,'S1','D1',869181),(2023,'S1','D2',2597094),(2023,'S1','D3',3292011),(2023,'S1','D4',414315),(2023,'S2','D1',995694),(2023,'S2','D2',1383196),(2023,'S2','D3',778008),(2023,'S2','D4',133677),(2023,'S4','D1',14576),(2023,'S4','D2',754717),(2023,'S4','D3',118899),(2023,'S4','D4',1809),(2023,'S3','D1',2183475),(2023,'S3','D2',2431901),(2023,'S3','D3',1002466),(2023,'S3','D4',205426),(2024,'S1','D1',877242),(2024,'S1','D2',2716195),(2024,'S1','D3',3336604),(2024,'S1','D4',419981),(2024,'S2','D1',1043209),(2024,'S2','D2',1391987),(2024,'S2','D3',807076),(2024,'S2','D4',133712),(2024,'S4','D1',15200),(2024,'S4','D2',780979),(2024,'S4','D3',122186),(2024,'S4','D4',1893),(2024,'S3','D1',2239440),(2024,'S3','D2',2453497),(2024,'S3','D3',1029375),(2024,'S3','D4',208440),(2025,'S1','D1',877707),(2025,'S1','D2',2836223),(2025,'S1','D3',3446113),(2025,'S1','D4',439767),(2025,'S2','D1',1082065),(2025,'S2','D2',1410584),(2025,'S2','D3',821678),(2025,'S2','D4',137231),(2025,'S4','D1',15615),(2025,'S4','D2',791079),(2025,'S4','D3',123252),(2025,'S4','D4',1927),(2025,'S3','D1',2255136),(2025,'S3','D2',2501227),(2025,'S3','D3',1053662),(2025,'S3','D4',218537),(2026,'S1','D1',884095),(2026,'S1','D2',2909150),(2026,'S1','D3',3537030),(2026,'S1','D4',446478),(2026,'S2','D1',1090703),(2026,'S2','D2',1452683),(2026,'S2','D3',825939),(2026,'S2','D4',141128),(2026,'S4','D1',15916),(2026,'S4','D2',794430),(2026,'S4','D3',126715),(2026,'S4','D4',1989),(2026,'S3','D1',2329773),(2026,'S3','D2',2524893),(2026,'S3','D3',1103927),(2026,'S3','D4',219181),(2027,'S1','D1',923004),(2027,'S1','D2',3023153),(2027,'S1','D3',3581681),(2027,'S1','D4',467174),(2027,'S2','D1',1114957),(2027,'S2','D2',1480077),(2027,'S2','D3',862851),(2027,'S2','D4',146448),(2027,'S4','D1',16532),(2027,'S4','D2',829347),(2027,'S4','D3',129765),(2027,'S4','D4',2019),(2027,'S3','D1',2381369),(2027,'S3','D2',2591566),(2027,'S3','D3',1137494),(2027,'S3','D4',224937),(2028,'S1','D1',968137),(2028,'S1','D2',3114155),(2028,'S1','D3',3731269),(2028,'S1','D4',469168),(2028,'S2','D1',1142178),(2028,'S2','D2',1546703),(2028,'S2','D3',902415),(2028,'S2','D4',148036),(2028,'S4','D1',16863),(2028,'S4','D2',851953),(2028,'S4','D3',133929),(2028,'S4','D4',2066),(2028,'S3','D1',2448472),(2028,'S3','D2',2667924),(2028,'S3','D3',1155329),(2028,'S3','D4',233462),(2029,'S1','D1',1009629),(2029,'S1','D2',3188349),(2029,'S1','D3',3892298),(2029,'S1','D4',484671),(2029,'S2','D1',1173616),(2029,'S2','D2',1608555),(2029,'S2','D3',916617),(2029,'S2','D4',148322),(2029,'S4','D1',17544),(2029,'S4','D2',885863),(2029,'S4','D3',135803),(2029,'S4','D4',2113),(2029,'S3','D1',2497153),(2029,'S3','D2',2795108),(2029,'S3','D3',1175528),(2029,'S3','D4',234155),(2030,'S1','D1',1009798),(2030,'S1','D2',3285854),(2030,'S1','D3',3959514),(2030,'S1','D4',496273),(2030,'S2','D1',1231293),(2030,'S2','D2',1624238),(2030,'S2','D3',931478),(2030,'S2','D4',155565),(2030,'S4','D1',18168),(2030,'S4','D2',919290),(2030,'S4','D3',136344),(2030,'S4','D4',2114),(2030,'S3','D1',2518188),(2030,'S3','D2',2800498),(2030,'S3','D3',1216569),(2030,'S3','D4',240767),(2031,'S1','D1',1042251),(2031,'S1','D2',3310718),(2031,'S1','D3',4061449),(2031,'S1','D4',518651),(2031,'S2','D1',1240402),(2031,'S2','D2',1689196),(2031,'S2','D3',943472),(2031,'S2','D4',161977),(2031,'S4','D1',18747),(2031,'S4','D2',941960),(2031,'S4','D3',139696),(2031,'S4','D4',2198),(2031,'S3','D1',2619164),(2031,'S3','D2',2814164),(2031,'S3','D3',1234148),(2031,'S3','D4',242813),(2032,'S1','D1',1069740),(2032,'S1','D2',3430934),(2032,'S1','D3',4237026),(2032,'S1','D4',542921),(2032,'S2','D1',1257890),(2032,'S2','D2',1759215),(2032,'S2','D3',980430),(2032,'S2','D4',163126),(2032,'S4','D1',19298),(2032,'S4','D2',967461),(2032,'S4','D3',141391),(2032,'S4','D4',2230),(2032,'S3','D1',2708133),(2032,'S3','D2',2863674),(2032,'S3','D3',1254261),(2032,'S3','D4',250479),(2033,'S1','D1',1070915),(2033,'S1','D2',3491886),(2033,'S1','D3',4290083),(2033,'S1','D4',563313),(2033,'S2','D1',1283026),(2033,'S2','D2',1790314),(2033,'S2','D3',1007259),(2033,'S2','D4',168141),(2033,'S4','D1',19951),(2033,'S4','D2',1013174),(2033,'S4','D3',146270),(2033,'S4','D4',2236),(2033,'S3','D1',2820991),(2033,'S3','D2',2974170),(2033,'S3','D3',1270139),(2033,'S3','D4',262313),(2034,'S1','D1',1080198),(2034,'S1','D2',3606840),(2034,'S1','D3',4474763),(2034,'S1','D4',575445),(2034,'S2','D1',1344795),(2034,'S2','D2',1869435),(2034,'S2','D3',1043936),(2034,'S2','D4',169472),(2034,'S4','D1',20807),(2034,'S4','D2',1057133),(2034,'S4','D3',146333),(2034,'S4','D4',2280),(2034,'S3','D1',2832153),(2034,'S3','D2',3096840),(2034,'S3','D3',1320768),(2034,'S3','D4',273053),(2035,'S1','D1',1106719),(2035,'S1','D2',3746146),(2035,'S1','D3',4476447),(2035,'S1','D4',588196),(2035,'S2','D1',1350533),(2035,'S2','D2',1934621),(2035,'S2','D3',1053870),(2035,'S2','D4',176929),(2035,'S4','D1',21666),(2035,'S4','D2',1107787),(2035,'S4','D3',147590),(2035,'S4','D4',2369),(2035,'S3','D1',2908543),(2035,'S3','D2',3247401),(2035,'S3','D3',1360337),(2035,'S3','D4',274741),(2036,'S1','D1',1143702),(2036,'S1','D2',3821393),(2036,'S1','D3',4599217),(2036,'S1','D4',602557),(2036,'S2','D1',1388729),(2036,'S2','D2',1982301),(2036,'S2','D3',1103197),(2036,'S2','D4',180140),(2036,'S4','D1',22740),(2036,'S4','D2',1134238),(2036,'S4','D3',151090),(2036,'S4','D4',2412),(2036,'S3','D1',2983351),(2036,'S3','D2',3269872),(2036,'S3','D3',1377326),(2036,'S3','D4',280914),(2037,'S1','D1',1196265),(2037,'S1','D2',3953052),(2037,'S1','D3',4663966),(2037,'S1','D4',630092),(2037,'S2','D1',1402031),(2037,'S2','D2',2079105),(2037,'S2','D3',1131832),(2037,'S2','D4',186733),(2037,'S4','D1',23254),(2037,'S4','D2',1146520),(2037,'S4','D3',156518),(2037,'S4','D4',2414),(2037,'S3','D1',3128820),(2037,'S3','D2',3274991),(2037,'S3','D3',1384988),(2037,'S3','D4',292856),(2038,'S1','D1',1254358),(2038,'S1','D2',3994169),(2038,'S1','D3',4847871),(2038,'S1','D4',642216),(2038,'S2','D1',1410693),(2038,'S2','D2',2151804),(2038,'S2','D3',1187938),(2038,'S2','D4',190889),(2038,'S4','D1',23437),(2038,'S4','D2',1148555),(2038,'S4','D3',161386),(2038,'S4','D4',2446),(2038,'S3','D1',3229278),(2038,'S3','D2',3297618),(2038,'S3','D3',1448550),(2038,'S3','D4',306910);
/*!40000 ALTER TABLE `demand` ENABLE KEYS */;
UNLOCK TABLES;

--
-- Table structure for table `fuels`
--

DROP TABLE IF EXISTS `fuels`;
/*!40101 SET @saved_cs_client     = @@character_set_client */;
/*!50503 SET character_set_client = utf8mb4 */;
CREATE TABLE `fuels` (
  `fuel` varchar(255) DEFAULT NULL,
  `year` int DEFAULT NULL,
  `emissions_co2_per_unit_fuel` float DEFAULT NULL,
  `cost_per_unit_fuel` float DEFAULT NULL,
  `cost_uncertainty_percent` float DEFAULT NULL
) ENGINE=InnoDB DEFAULT CHARSET=utf8mb4 COLLATE=utf8mb4_0900_ai_ci;
/*!40101 SET character_set_client = @saved_cs_client */;

--
-- Dumping data for table `fuels`
--

LOCK TABLES `fuels` WRITE;
/*!40000 ALTER TABLE `fuels` DISABLE KEYS */;
INSERT INTO `fuels` VALUES ('B20',2023,3.04858,1.22084,0),('B20',2024,3.04858,1.2468,2),('B20',2025,3.04858,1.27331,4),('B20',2026,3.04858,1.30038,6),('B20',2027,3.04858,1.32803,8),('B20',2028,3.04858,1.35626,10),('B20',2029,3.04858,1.3851,12),('B20',2030,3.04858,1.41455,14),('B20',2031,3.04858,1.44463,16),('B20',2032,3.04858,1.47534,18),('B20',2033,3.04858,1.50671,20),('B20',2034,3.04858,1.53874,22),('B20',2035,3.04858,1.57146,24),('B20',2036,3.04858,1.60487,26),('B20',2037,3.04858,1.63899,28),('B20',2038,3.04858,1.67383,30),('BioLNG',2023,0.378439,1.08782,0),('BioLNG',2024,0.378439,1.08146,2),('BioLNG',2025,0.378439,1.07514,4),('BioLNG',2026,0.378439,1.06886,6),('BioLNG',2027,0.378439,1.06262,8),('BioLNG',2028,0.378439,1.05641,10),('BioLNG',2029,0.378439,1.05024,12),('BioLNG',2030,0.378439,1.0441,14),('BioLNG',2031,0.378439,1.038,16),('BioLNG',2032,0.378439,1.03194,18),('BioLNG',2033,0.378439,1.02591,20),('BioLNG',2034,0.378439,1.01991,22),('BioLNG',2035,0.378439,1.01395,24),('BioLNG',2036,0.378439,1.00803,26),('BioLNG',2037,0.378439,1.00214,28),('BioLNG',2038,0.378439,0.996286,30),('Electricity',2023,0,0.191791,0),('Electricity',2024,0,0.184113,2),('Electricity',2025,0,0.176742,4),('Electricity',2026,0,0.169666,6),('Electricity',2027,0,0.162873,8),('Electricity',2028,0,0.156352,10),('Electricity',2029,0,0.150092,12),('Electricity',2030,0,0.144083,14),('Electricity',2031,0,0.138315,16),('Electricity',2032,0,0.132778,18),('Electricity',2033,0,0.127462,20),('Electricity',2034,0,0.122359,22),('Electricity',2035,0,0.11746,24),('Electricity',2036,0,0.112757,26),('Electricity',2037,0,0.108243,28),('Electricity',2038,0,0.103909,30),('HVO',2023,0.487624,1.81431,0),('HVO',2024,0.487624,1.79476,2),('HVO',2025,0.487624,1.77542,4),('HVO',2026,0.487624,1.75629,6),('HVO',2027,0.487624,1.73737,8),('HVO',2028,0.487624,1.71864,10),('HVO',2029,0.487624,1.70012,12),('HVO',2030,0.487624,1.6818,14),('HVO',2031,0.487624,1.66368,16),('HVO',2032,0.487624,1.64575,18),('HVO',2033,0.487624,1.62802,20),('HVO',2034,0.487624,1.61047,22),('HVO',2035,0.487624,1.59312,24),('HVO',2036,0.487624,1.57595,26),('HVO',2037,0.487624,1.55897,28),('HVO',2038,0.487624,1.54217,30),('LNG',2023,2.48619,1.01162,0),('LNG',2024,2.48619,1.00571,2),('LNG',2025,2.48619,0.999832,4),('LNG',2026,2.48619,0.993991,6),('LNG',2027,2.48619,0.988184,8),('LNG',2028,2.48619,0.982411,10),('LNG',2029,2.48619,0.976671,12),('LNG',2030,2.48619,0.970965,14),('LNG',2031,2.48619,0.965292,16),('LNG',2032,2.48619,0.959652,18),('LNG',2033,2.48619,0.954045,20),('LNG',2034,2.48619,0.948471,22),('LNG',2035,2.48619,0.94293,24),('LNG',2036,2.48619,0.937421,26),('LNG',2037,2.48619,0.931944,28),('LNG',2038,2.48619,0.926499,30);
/*!40000 ALTER TABLE `fuels` ENABLE KEYS */;
UNLOCK TABLES;

--
-- Table structure for table `vehicles`
--

DROP TABLE IF EXISTS `vehicles`;
/*!40101 SET @saved_cs_client     = @@character_set_client */;
/*!50503 SET character_set_client = utf8mb4 */;
CREATE TABLE `vehicles` (
  `id` text,
  `vehicle` text,
  `size` text,
  `year` bigint DEFAULT NULL,
  `cost` int DEFAULT NULL,
  `yearly_range` int DEFAULT NULL,
  `distance` text
) ENGINE=InnoDB DEFAULT CHARSET=utf8mb4 COLLATE=utf8mb4_0900_ai_ci;
/*!40101 SET character_set_client = @saved_cs_client */;

--
-- Dumping data for table `vehicles`
--

LOCK TABLES `vehicles` WRITE;
/*!40000 ALTER TABLE `vehicles` DISABLE KEYS */;
INSERT INTO `vehicles` VALUES ('BEV_S1_2023','BEV','S1',2023,187000,102000,'D1'),('BEV_S1_2024','BEV','S1',2024,177650,102000,'D1'),('BEV_S1_2025','BEV','S1',2025,168767,102000,'D1'),('BEV_S1_2026','BEV','S1',2026,160329,102000,'D2'),('BEV_S1_2027','BEV','S1',2027,152312,102000,'D2'),('BEV_S1_2028','BEV','S1',2028,144697,102000,'D2'),('BEV_S1_2029','BEV','S1',2029,137462,102000,'D3'),('BEV_S1_2030','BEV','S1',2030,130589,102000,'D3'),('BEV_S1_2031','BEV','S1',2031,130589,102000,'D3'),('BEV_S1_2032','BEV','S1',2032,130589,102000,'D4'),('BEV_S1_2033','BEV','S1',2033,130589,102000,'D4'),('BEV_S1_2034','BEV','S1',2034,130589,102000,'D4'),('BEV_S1_2035','BEV','S1',2035,130589,102000,'D4'),('BEV_S1_2036','BEV','S1',2036,130589,102000,'D4'),('BEV_S1_2037','BEV','S1',2037,130589,102000,'D4'),('BEV_S1_2038','BEV','S1',2038,130589,102000,'D4'),('BEV_S2_2023','BEV','S2',2023,272000,106000,'D1'),('BEV_S2_2024','BEV','S2',2024,258400,106000,'D1'),('BEV_S2_2025','BEV','S2',2025,245480,106000,'D1'),('BEV_S2_2026','BEV','S2',2026,233206,106000,'D2'),('BEV_S2_2027','BEV','S2',2027,221545,106000,'D2'),('BEV_S2_2028','BEV','S2',2028,210468,106000,'D2'),('BEV_S2_2029','BEV','S2',2029,199944,106000,'D3'),('BEV_S2_2030','BEV','S2',2030,189947,106000,'D3'),('BEV_S2_2031','BEV','S2',2031,189947,106000,'D3'),('BEV_S2_2032','BEV','S2',2032,189947,106000,'D4'),('BEV_S2_2033','BEV','S2',2033,189947,106000,'D4'),('BEV_S2_2034','BEV','S2',2034,189947,106000,'D4'),('BEV_S2_2035','BEV','S2',2035,189947,106000,'D4'),('BEV_S2_2036','BEV','S2',2036,189947,106000,'D4'),('BEV_S2_2037','BEV','S2',2037,189947,106000,'D4'),('BEV_S2_2038','BEV','S2',2038,189947,106000,'D4'),('BEV_S4_2023','BEV','S4',2023,395636,118000,'D1'),('BEV_S4_2024','BEV','S4',2024,375854,118000,'D1'),('BEV_S4_2025','BEV','S4',2025,357061,118000,'D1'),('BEV_S4_2026','BEV','S4',2026,339208,118000,'D2'),('BEV_S4_2027','BEV','S4',2027,322248,118000,'D2'),('BEV_S4_2028','BEV','S4',2028,306135,118000,'D2'),('BEV_S4_2029','BEV','S4',2029,290829,118000,'D3'),('BEV_S4_2030','BEV','S4',2030,276287,118000,'D3'),('BEV_S4_2031','BEV','S4',2031,276287,118000,'D3'),('BEV_S4_2032','BEV','S4',2032,276287,118000,'D4'),('BEV_S4_2033','BEV','S4',2033,276287,118000,'D4'),('BEV_S4_2034','BEV','S4',2034,276287,118000,'D4'),('BEV_S4_2035','BEV','S4',2035,276287,118000,'D4'),('BEV_S4_2036','BEV','S4',2036,276287,118000,'D4'),('BEV_S4_2037','BEV','S4',2037,276287,118000,'D4'),('BEV_S4_2038','BEV','S4',2038,276287,118000,'D4'),('BEV_S3_2023','BEV','S3',2023,309090,73000,'D1'),('BEV_S3_2024','BEV','S3',2024,293636,73000,'D1'),('BEV_S3_2025','BEV','S3',2025,278954,73000,'D1'),('BEV_S3_2026','BEV','S3',2026,265006,73000,'D2'),('BEV_S3_2027','BEV','S3',2027,251756,73000,'D2'),('BEV_S3_2028','BEV','S3',2028,239168,73000,'D2'),('BEV_S3_2029','BEV','S3',2029,227210,73000,'D3'),('BEV_S3_2030','BEV','S3',2030,215849,73000,'D3'),('BEV_S3_2031','BEV','S3',2031,215849,73000,'D3'),('BEV_S3_2032','BEV','S3',2032,215849,73000,'D4'),('BEV_S3_2033','BEV','S3',2033,215849,73000,'D4'),('BEV_S3_2034','BEV','S3',2034,215849,73000,'D4'),('BEV_S3_2035','BEV','S3',2035,215849,73000,'D4'),('BEV_S3_2036','BEV','S3',2036,215849,73000,'D4'),('BEV_S3_2037','BEV','S3',2037,215849,73000,'D4'),('BEV_S3_2038','BEV','S3',2038,215849,73000,'D4'),('Diesel_S1_2023','Diesel','S1',2023,85000,102000,'D4'),('Diesel_S1_2024','Diesel','S1',2024,87550,102000,'D4'),('Diesel_S1_2025','Diesel','S1',2025,90176,102000,'D4'),('Diesel_S1_2026','Diesel','S1',2026,92881,102000,'D4'),('Diesel_S1_2027','Diesel','S1',2027,95668,102000,'D4'),('Diesel_S1_2028','Diesel','S1',2028,98538,102000,'D4'),('Diesel_S1_2029','Diesel','S1',2029,101494,102000,'D4'),('Diesel_S1_2030','Diesel','S1',2030,104539,102000,'D4'),('Diesel_S1_2031','Diesel','S1',2031,107675,102000,'D4'),('Diesel_S1_2032','Diesel','S1',2032,110905,102000,'D4'),('Diesel_S1_2033','Diesel','S1',2033,114232,102000,'D4'),('Diesel_S1_2034','Diesel','S1',2034,117659,102000,'D4'),('Diesel_S1_2035','Diesel','S1',2035,121189,102000,'D4'),('Diesel_S1_2036','Diesel','S1',2036,124825,102000,'D4'),('Diesel_S1_2037','Diesel','S1',2037,128570,102000,'D4'),('Diesel_S1_2038','Diesel','S1',2038,132427,102000,'D4'),('Diesel_S2_2023','Diesel','S2',2023,104000,106000,'D4'),('Diesel_S2_2024','Diesel','S2',2024,107120,106000,'D4'),('Diesel_S2_2025','Diesel','S2',2025,110333,106000,'D4'),('Diesel_S2_2026','Diesel','S2',2026,113643,106000,'D4'),('Diesel_S2_2027','Diesel','S2',2027,117052,106000,'D4'),('Diesel_S2_2028','Diesel','S2',2028,120564,106000,'D4'),('Diesel_S2_2029','Diesel','S2',2029,124181,106000,'D4'),('Diesel_S2_2030','Diesel','S2',2030,127906,106000,'D4'),('Diesel_S2_2031','Diesel','S2',2031,131744,106000,'D4'),('Diesel_S2_2032','Diesel','S2',2032,135696,106000,'D4'),('Diesel_S2_2033','Diesel','S2',2033,139767,106000,'D4'),('Diesel_S2_2034','Diesel','S2',2034,143960,106000,'D4'),('Diesel_S2_2035','Diesel','S2',2035,148279,106000,'D4'),('Diesel_S2_2036','Diesel','S2',2036,152727,106000,'D4'),('Diesel_S2_2037','Diesel','S2',2037,157309,106000,'D4'),('Diesel_S2_2038','Diesel','S2',2038,162028,106000,'D4'),('Diesel_S4_2023','Diesel','S4',2023,151272,118000,'D4'),('Diesel_S4_2024','Diesel','S4',2024,155810,118000,'D4'),('Diesel_S4_2025','Diesel','S4',2025,160485,118000,'D4'),('Diesel_S4_2026','Diesel','S4',2026,165299,118000,'D4'),('Diesel_S4_2027','Diesel','S4',2027,170258,118000,'D4'),('Diesel_S4_2028','Diesel','S4',2028,175366,118000,'D4'),('Diesel_S4_2029','Diesel','S4',2029,180627,118000,'D4'),('Diesel_S4_2030','Diesel','S4',2030,186046,118000,'D4'),('Diesel_S4_2031','Diesel','S4',2031,191627,118000,'D4'),('Diesel_S4_2032','Diesel','S4',2032,197376,118000,'D4'),('Diesel_S4_2033','Diesel','S4',2033,203297,118000,'D4'),('Diesel_S4_2034','Diesel','S4',2034,209396,118000,'D4'),('Diesel_S4_2035','Diesel','S4',2035,215678,118000,'D4'),('Diesel_S4_2036','Diesel','S4',2036,222149,118000,'D4'),('Diesel_S4_2037','Diesel','S4',2037,228813,118000,'D4'),('Diesel_S4_2038','Diesel','S4',2038,235677,118000,'D4'),('Diesel_S3_2023','Diesel','S3',2023,118181,73000,'D4'),('Diesel_S3_2024','Diesel','S3',2024,121727,73000,'D4'),('Diesel_S3_2025','Diesel','S3',2025,125379,73000,'D4'),('Diesel_S3_2026','Diesel','S3',2026,129140,73000,'D4'),('Diesel_S3_2027','Diesel','S3',2027,133014,73000,'D4'),('Diesel_S3_2028','Diesel','S3',2028,137005,73000,'D4'),('Diesel_S3_2029','Diesel','S3',2029,141115,73000,'D4'),('Diesel_S3_2030','Diesel','S3',2030,145348,73000,'D4'),('Diesel_S3_2031','Diesel','S3',2031,149709,73000,'D4'),('Diesel_S3_2032','Diesel','S3',2032,154200,73000,'D4'),('Diesel_S3_2033','Diesel','S3',2033,158826,73000,'D4'),('Diesel_S3_2034','Diesel','S3',2034,163591,73000,'D4'),('Diesel_S3_2035','Diesel','S3',2035,168499,73000,'D4'),('Diesel_S3_2036','Diesel','S3',2036,173553,73000,'D4'),('Diesel_S3_2037','Diesel','S3',2037,178760,73000,'D4'),('Diesel_S3_2038','Diesel','S3',2038,184123,73000,'D4'),('LNG_S1_2023','LNG','S1',2023,100000,102000,'D4'),('LNG_S1_2024','LNG','S1',2024,103000,102000,'D4'),('LNG_S1_2025','LNG','S1',2025,106090,102000,'D4'),('LNG_S1_2026','LNG','S1',2026,109272,102000,'D4'),('LNG_S1_2027','LNG','S1',2027,112550,102000,'D4'),('LNG_S1_2028','LNG','S1',2028,115927,102000,'D4'),('LNG_S1_2029','LNG','S1',2029,119405,102000,'D4'),('LNG_S1_2030','LNG','S1',2030,122987,102000,'D4'),('LNG_S1_2031','LNG','S1',2031,126677,102000,'D4'),('LNG_S1_2032','LNG','S1',2032,130477,102000,'D4'),('LNG_S1_2033','LNG','S1',2033,134391,102000,'D4'),('LNG_S1_2034','LNG','S1',2034,138423,102000,'D4'),('LNG_S1_2035','LNG','S1',2035,142576,102000,'D4'),('LNG_S1_2036','LNG','S1',2036,146853,102000,'D4'),('LNG_S1_2037','LNG','S1',2037,151258,102000,'D4'),('LNG_S1_2038','LNG','S1',2038,155796,102000,'D4'),('LNG_S2_2023','LNG','S2',2023,133000,106000,'D4'),('LNG_S2_2024','LNG','S2',2024,136990,106000,'D4'),('LNG_S2_2025','LNG','S2',2025,141099,106000,'D4'),('LNG_S2_2026','LNG','S2',2026,145332,106000,'D4'),('LNG_S2_2027','LNG','S2',2027,149692,106000,'D4'),('LNG_S2_2028','LNG','S2',2028,154183,106000,'D4'),('LNG_S2_2029','LNG','S2',2029,158808,106000,'D4'),('LNG_S2_2030','LNG','S2',2030,163573,106000,'D4'),('LNG_S2_2031','LNG','S2',2031,168480,106000,'D4'),('LNG_S2_2032','LNG','S2',2032,173534,106000,'D4'),('LNG_S2_2033','LNG','S2',2033,178740,106000,'D4'),('LNG_S2_2034','LNG','S2',2034,184103,106000,'D4'),('LNG_S2_2035','LNG','S2',2035,189626,106000,'D4'),('LNG_S2_2036','LNG','S2',2036,195314,106000,'D4'),('LNG_S2_2037','LNG','S2',2037,201174,106000,'D4'),('LNG_S2_2038','LNG','S2',2038,207209,106000,'D4'),('LNG_S4_2023','LNG','S4',2023,193454,118000,'D4'),('LNG_S4_2024','LNG','S4',2024,199258,118000,'D4'),('LNG_S4_2025','LNG','S4',2025,205235,118000,'D4'),('LNG_S4_2026','LNG','S4',2026,211393,118000,'D4'),('LNG_S4_2027','LNG','S4',2027,217734,118000,'D4'),('LNG_S4_2028','LNG','S4',2028,224266,118000,'D4'),('LNG_S4_2029','LNG','S4',2029,230994,118000,'D4'),('LNG_S4_2030','LNG','S4',2030,237924,118000,'D4'),('LNG_S4_2031','LNG','S4',2031,245062,118000,'D4'),('LNG_S4_2032','LNG','S4',2032,252414,118000,'D4'),('LNG_S4_2033','LNG','S4',2033,259986,118000,'D4'),('LNG_S4_2034','LNG','S4',2034,267786,118000,'D4'),('LNG_S4_2035','LNG','S4',2035,275819,118000,'D4'),('LNG_S4_2036','LNG','S4',2036,284094,118000,'D4'),('LNG_S4_2037','LNG','S4',2037,292617,118000,'D4'),('LNG_S4_2038','LNG','S4',2038,301395,118000,'D4'),('LNG_S3_2023','LNG','S3',2023,151136,73000,'D4'),('LNG_S3_2024','LNG','S3',2024,155670,73000,'D4'),('LNG_S3_2025','LNG','S3',2025,160340,73000,'D4'),('LNG_S3_2026','LNG','S3',2026,165150,73000,'D4'),('LNG_S3_2027','LNG','S3',2027,170105,73000,'D4'),('LNG_S3_2028','LNG','S3',2028,175208,73000,'D4'),('LNG_S3_2029','LNG','S3',2029,180464,73000,'D4'),('LNG_S3_2030','LNG','S3',2030,185878,73000,'D4'),('LNG_S3_2031','LNG','S3',2031,191455,73000,'D4'),('LNG_S3_2032','LNG','S3',2032,197198,73000,'D4'),('LNG_S3_2033','LNG','S3',2033,203114,73000,'D4'),('LNG_S3_2034','LNG','S3',2034,209208,73000,'D4'),('LNG_S3_2035','LNG','S3',2035,215484,73000,'D4'),('LNG_S3_2036','LNG','S3',2036,221948,73000,'D4'),('LNG_S3_2037','LNG','S3',2037,228607,73000,'D4'),('LNG_S3_2038','LNG','S3',2038,235465,73000,'D4');
/*!40000 ALTER TABLE `vehicles` ENABLE KEYS */;
UNLOCK TABLES;

--
-- Table structure for table `vehicles_fuels`
--

DROP TABLE IF EXISTS `vehicles_fuels`;
/*!40101 SET @saved_cs_client     = @@character_set_client */;
/*!50503 SET character_set_client = utf8mb4 */;
CREATE TABLE `vehicles_fuels` (
  `id` text,
  `fuel` text,
  `consumption_unitfuel_per_km` double DEFAULT NULL
) ENGINE=InnoDB DEFAULT CHARSET=utf8mb4 COLLATE=utf8mb4_0900_ai_ci;
/*!40101 SET character_set_client = @saved_cs_client */;

--
-- Dumping data for table `vehicles_fuels`
--

LOCK TABLES `vehicles_fuels` WRITE;
/*!40000 ALTER TABLE `vehicles_fuels` DISABLE KEYS */;
INSERT INTO `vehicles_fuels` VALUES ('BEV_S1_2023','Electricity',0.893043),('BEV_S1_2024','Electricity',0.893043),('BEV_S1_2025','Electricity',0.893043),('BEV_S1_2026','Electricity',0.893043),('BEV_S1_2027','Electricity',0.868161),('BEV_S1_2028','Electricity',0.868161),('BEV_S1_2029','Electricity',0.868161),('BEV_S1_2030','Electricity',0.868161),('BEV_S1_2031','Electricity',0.868161),('BEV_S1_2032','Electricity',0.868161),('BEV_S1_2033','Electricity',0.868161),('BEV_S1_2034','Electricity',0.868161),('BEV_S1_2035','Electricity',0.868161),('BEV_S1_2036','Electricity',0.868161),('BEV_S1_2037','Electricity',0.868161),('BEV_S1_2038','Electricity',0.868161),('Diesel_S1_2023','B20',0.223016),('Diesel_S1_2024','B20',0.223016),('Diesel_S1_2025','B20',0.223016),('Diesel_S1_2026','B20',0.223016),('Diesel_S1_2027','B20',0.223016),('Diesel_S1_2028','B20',0.223016),('Diesel_S1_2029','B20',0.223016),('Diesel_S1_2030','B20',0.223016),('Diesel_S1_2031','B20',0.223016),('Diesel_S1_2032','B20',0.223016),('Diesel_S1_2033','B20',0.223016),('Diesel_S1_2034','B20',0.223016),('Diesel_S1_2035','B20',0.223016),('Diesel_S1_2036','B20',0.223016),('Diesel_S1_2037','B20',0.223016),('Diesel_S1_2038','B20',0.223016),('Diesel_S1_2023','HVO',0.223016),('Diesel_S1_2024','HVO',0.223016),('Diesel_S1_2025','HVO',0.223016),('Diesel_S1_2026','HVO',0.223016),('Diesel_S1_2027','HVO',0.223016),('Diesel_S1_2028','HVO',0.223016),('Diesel_S1_2029','HVO',0.223016),('Diesel_S1_2030','HVO',0.223016),('Diesel_S1_2031','HVO',0.223016),('Diesel_S1_2032','HVO',0.223016),('Diesel_S1_2033','HVO',0.223016),('Diesel_S1_2034','HVO',0.223016),('Diesel_S1_2035','HVO',0.223016),('Diesel_S1_2036','HVO',0.223016),('Diesel_S1_2037','HVO',0.223016),('Diesel_S1_2038','HVO',0.223016),('LNG_S1_2023','LNG',0.165507),('LNG_S1_2024','LNG',0.165507),('LNG_S1_2025','LNG',0.165507),('LNG_S1_2026','LNG',0.164681),('LNG_S1_2027','LNG',0.161965),('LNG_S1_2028','LNG',0.157457),('LNG_S1_2029','LNG',0.154735),('LNG_S1_2030','LNG',0.154735),('LNG_S1_2031','LNG',0.154735),('LNG_S1_2032','LNG',0.154735),('LNG_S1_2033','LNG',0.154735),('LNG_S1_2034','LNG',0.154735),('LNG_S1_2035','LNG',0.154735),('LNG_S1_2036','LNG',0.154735),('LNG_S1_2037','LNG',0.154735),('LNG_S1_2038','LNG',0.154735),('LNG_S1_2023','BioLNG',0.165159),('LNG_S1_2024','BioLNG',0.165159),('LNG_S1_2025','BioLNG',0.165159),('LNG_S1_2026','BioLNG',0.1632),('LNG_S1_2027','BioLNG',0.159467),('LNG_S1_2028','BioLNG',0.15574),('LNG_S1_2029','BioLNG',0.154381),('LNG_S1_2030','BioLNG',0.154381),('LNG_S1_2031','BioLNG',0.154381),('LNG_S1_2032','BioLNG',0.154381),('LNG_S1_2033','BioLNG',0.154381),('LNG_S1_2034','BioLNG',0.154381),('LNG_S1_2035','BioLNG',0.154381),('LNG_S1_2036','BioLNG',0.154381),('LNG_S1_2037','BioLNG',0.154381),('LNG_S1_2038','BioLNG',0.154381),('BEV_S2_2023','Electricity',0.8968),('BEV_S2_2024','Electricity',0.8968),('BEV_S2_2025','Electricity',0.8968),('BEV_S2_2026','Electricity',0.8968),('BEV_S2_2027','Electricity',0.85459),('BEV_S2_2028','Electricity',0.85459),('BEV_S2_2029','Electricity',0.85459),('BEV_S2_2030','Electricity',0.85459),('BEV_S2_2031','Electricity',0.85459),('BEV_S2_2032','Electricity',0.85459),('BEV_S2_2033','Electricity',0.85459),('BEV_S2_2034','Electricity',0.85459),('BEV_S2_2035','Electricity',0.85459),('BEV_S2_2036','Electricity',0.85459),('BEV_S2_2037','Electricity',0.85459),('BEV_S2_2038','Electricity',0.85459),('Diesel_S2_2023','B20',0.223852),('Diesel_S2_2024','B20',0.223852),('Diesel_S2_2025','B20',0.223852),('Diesel_S2_2026','B20',0.223852),('Diesel_S2_2027','B20',0.223852),('Diesel_S2_2028','B20',0.223852),('Diesel_S2_2029','B20',0.223852),('Diesel_S2_2030','B20',0.223852),('Diesel_S2_2031','B20',0.223852),('Diesel_S2_2032','B20',0.223852),('Diesel_S2_2033','B20',0.223852),('Diesel_S2_2034','B20',0.223852),('Diesel_S2_2035','B20',0.223852),('Diesel_S2_2036','B20',0.223852),('Diesel_S2_2037','B20',0.223852),('Diesel_S2_2038','B20',0.223852),('Diesel_S2_2023','HVO',0.223852),('Diesel_S2_2024','HVO',0.223852),('Diesel_S2_2025','HVO',0.223852),('Diesel_S2_2026','HVO',0.223852),('Diesel_S2_2027','HVO',0.223852),('Diesel_S2_2028','HVO',0.223852),('Diesel_S2_2029','HVO',0.223852),('Diesel_S2_2030','HVO',0.223852),('Diesel_S2_2031','HVO',0.223852),('Diesel_S2_2032','HVO',0.223852),('Diesel_S2_2033','HVO',0.223852),('Diesel_S2_2034','HVO',0.223852),('Diesel_S2_2035','HVO',0.223852),('Diesel_S2_2036','HVO',0.223852),('Diesel_S2_2037','HVO',0.223852),('Diesel_S2_2038','HVO',0.223852),('LNG_S2_2023','LNG',0.165239),('LNG_S2_2024','LNG',0.165239),('LNG_S2_2025','LNG',0.165239),('LNG_S2_2026','LNG',0.163257),('LNG_S2_2027','LNG',0.162463),('LNG_S2_2028','LNG',0.155829),('LNG_S2_2029','LNG',0.155767),('LNG_S2_2030','LNG',0.155767),('LNG_S2_2031','LNG',0.155767),('LNG_S2_2032','LNG',0.155767),('LNG_S2_2033','LNG',0.155767),('LNG_S2_2034','LNG',0.155767),('LNG_S2_2035','LNG',0.155767),('LNG_S2_2036','LNG',0.155767),('LNG_S2_2037','LNG',0.155767),('LNG_S2_2038','LNG',0.155767),('LNG_S2_2023','BioLNG',0.167185),('LNG_S2_2024','BioLNG',0.167185),('LNG_S2_2025','BioLNG',0.167185),('LNG_S2_2026','BioLNG',0.164643),('LNG_S2_2027','BioLNG',0.161171),('LNG_S2_2028','BioLNG',0.158367),('LNG_S2_2029','BioLNG',0.155039),('LNG_S2_2030','BioLNG',0.155039),('LNG_S2_2031','BioLNG',0.155039),('LNG_S2_2032','BioLNG',0.155039),('LNG_S2_2033','BioLNG',0.155039),('LNG_S2_2034','BioLNG',0.155039),('LNG_S2_2035','BioLNG',0.155039),('LNG_S2_2036','BioLNG',0.155039),('LNG_S2_2037','BioLNG',0.155039),('LNG_S2_2038','BioLNG',0.155039),('BEV_S4_2023','Electricity',0.900664),('BEV_S4_2024','Electricity',0.900664),('BEV_S4_2025','Electricity',0.900664),('BEV_S4_2026','Electricity',0.900664),('BEV_S4_2027','Electricity',0.856448),('BEV_S4_2028','Electricity',0.856448),('BEV_S4_2029','Electricity',0.856448),('BEV_S4_2030','Electricity',0.856448),('BEV_S4_2031','Electricity',0.856448),('BEV_S4_2032','Electricity',0.856448),('BEV_S4_2033','Electricity',0.856448),('BEV_S4_2034','Electricity',0.856448),('BEV_S4_2035','Electricity',0.856448),('BEV_S4_2036','Electricity',0.856448),('BEV_S4_2037','Electricity',0.856448),('BEV_S4_2038','Electricity',0.856448),('Diesel_S4_2023','B20',0.219827),('Diesel_S4_2024','B20',0.219827),('Diesel_S4_2025','B20',0.219827),('Diesel_S4_2026','B20',0.219827),('Diesel_S4_2027','B20',0.219827),('Diesel_S4_2028','B20',0.219827),('Diesel_S4_2029','B20',0.219827),('Diesel_S4_2030','B20',0.219827),('Diesel_S4_2031','B20',0.219827),('Diesel_S4_2032','B20',0.219827),('Diesel_S4_2033','B20',0.219827),('Diesel_S4_2034','B20',0.219827),('Diesel_S4_2035','B20',0.219827),('Diesel_S4_2036','B20',0.219827),('Diesel_S4_2037','B20',0.219827),('Diesel_S4_2038','B20',0.219827),('Diesel_S4_2023','HVO',0.219827),('Diesel_S4_2024','HVO',0.219827),('Diesel_S4_2025','HVO',0.219827),('Diesel_S4_2026','HVO',0.219827),('Diesel_S4_2027','HVO',0.219827),('Diesel_S4_2028','HVO',0.219827),('Diesel_S4_2029','HVO',0.219827),('Diesel_S4_2030','HVO',0.219827),('Diesel_S4_2031','HVO',0.219827),('Diesel_S4_2032','HVO',0.219827),('Diesel_S4_2033','HVO',0.219827),('Diesel_S4_2034','HVO',0.219827),('Diesel_S4_2035','HVO',0.219827),('Diesel_S4_2036','HVO',0.219827),('Diesel_S4_2037','HVO',0.219827),('Diesel_S4_2038','HVO',0.219827),('LNG_S4_2023','LNG',0.167274),('LNG_S4_2024','LNG',0.167274),('LNG_S4_2025','LNG',0.167274),('LNG_S4_2026','LNG',0.164513),('LNG_S4_2027','LNG',0.162424),('LNG_S4_2028','LNG',0.157769),('LNG_S4_2029','LNG',0.154278),('LNG_S4_2030','LNG',0.154278),('LNG_S4_2031','LNG',0.154278),('LNG_S4_2032','LNG',0.154278),('LNG_S4_2033','LNG',0.154278),('LNG_S4_2034','LNG',0.154278),('LNG_S4_2035','LNG',0.154278),('LNG_S4_2036','LNG',0.154278),('LNG_S4_2037','LNG',0.154278),('LNG_S4_2038','LNG',0.154278),('LNG_S4_2023','BioLNG',0.166088),('LNG_S4_2024','BioLNG',0.166088),('LNG_S4_2025','BioLNG',0.166088),('LNG_S4_2026','BioLNG',0.164154),('LNG_S4_2027','BioLNG',0.160223),('LNG_S4_2028','BioLNG',0.155978),('LNG_S4_2029','BioLNG',0.154568),('LNG_S4_2030','BioLNG',0.154568),('LNG_S4_2031','BioLNG',0.154568),('LNG_S4_2032','BioLNG',0.154568),('LNG_S4_2033','BioLNG',0.154568),('LNG_S4_2034','BioLNG',0.154568),('LNG_S4_2035','BioLNG',0.154568),('LNG_S4_2036','BioLNG',0.154568),('LNG_S4_2037','BioLNG',0.154568),('LNG_S4_2038','BioLNG',0.154568),('BEV_S3_2023','Electricity',0.898003),('BEV_S3_2024','Electricity',0.898003),('BEV_S3_2025','Electricity',0.898003),('BEV_S3_2026','Electricity',0.898003),('BEV_S3_2027','Electricity',0.859516),('BEV_S3_2028','Electricity',0.859516),('BEV_S3_2029','Electricity',0.859516),('BEV_S3_2030','Electricity',0.859516),('BEV_S3_2031','Electricity',0.859516),('BEV_S3_2032','Electricity',0.859516),('BEV_S3_2033','Electricity',0.859516),('BEV_S3_2034','Electricity',0.859516),('BEV_S3_2035','Electricity',0.859516),('BEV_S3_2036','Electricity',0.859516),('BEV_S3_2037','Electricity',0.859516),('BEV_S3_2038','Electricity',0.859516),('Diesel_S3_2023','B20',0.224082),('Diesel_S3_2024','B20',0.224082),('Diesel_S3_2025','B20',0.224082),('Diesel_S3_2026','B20',0.224082),('Diesel_S3_2027','B20',0.224082),('Diesel_S3_2028','B20',0.224082),('Diesel_S3_2029','B20',0.224082),('Diesel_S3_2030','B20',0.224082),('Diesel_S3_2031','B20',0.224082),('Diesel_S3_2032','B20',0.224082),('Diesel_S3_2033','B20',0.224082),('Diesel_S3_2034','B20',0.224082),('Diesel_S3_2035','B20',0.224082),('Diesel_S3_2036','B20',0.224082),('Diesel_S3_2037','B20',0.224082),('Diesel_S3_2038','B20',0.224082),('Diesel_S3_2023','HVO',0.224082),('Diesel_S3_2024','HVO',0.224082),('Diesel_S3_2025','HVO',0.224082),('Diesel_S3_2026','HVO',0.224082),('Diesel_S3_2027','HVO',0.224082),('Diesel_S3_2028','HVO',0.224082),('Diesel_S3_2029','HVO',0.224082),('Diesel_S3_2030','HVO',0.224082),('Diesel_S3_2031','HVO',0.224082),('Diesel_S3_2032','HVO',0.224082),('Diesel_S3_2033','HVO',0.224082),('Diesel_S3_2034','HVO',0.224082),('Diesel_S3_2035','HVO',0.224082),('Diesel_S3_2036','HVO',0.224082),('Diesel_S3_2037','HVO',0.224082),('Diesel_S3_2038','HVO',0.224082),('LNG_S3_2023','LNG',0.164823),('LNG_S3_2024','LNG',0.164823),('LNG_S3_2025','LNG',0.164823),('LNG_S3_2026','LNG',0.164047),('LNG_S3_2027','LNG',0.161089),('LNG_S3_2028','LNG',0.156388),('LNG_S3_2029','LNG',0.153945),('LNG_S3_2030','LNG',0.153945),('LNG_S3_2031','LNG',0.153945),('LNG_S3_2032','LNG',0.153945),('LNG_S3_2033','LNG',0.153945),('LNG_S3_2034','LNG',0.153945),('LNG_S3_2035','LNG',0.153945),('LNG_S3_2036','LNG',0.153945),('LNG_S3_2037','LNG',0.153945),('LNG_S3_2038','LNG',0.153945),('LNG_S3_2023','BioLNG',0.164684),('LNG_S3_2024','BioLNG',0.164684),('LNG_S3_2025','BioLNG',0.164684),('LNG_S3_2026','BioLNG',0.164223),('LNG_S3_2027','BioLNG',0.160634),('LNG_S3_2028','BioLNG',0.155696),('LNG_S3_2029','BioLNG',0.155192),('LNG_S3_2030','BioLNG',0.155192),('LNG_S3_2031','BioLNG',0.155192),('LNG_S3_2032','BioLNG',0.155192),('LNG_S3_2033','BioLNG',0.155192),('LNG_S3_2034','BioLNG',0.155192),('LNG_S3_2035','BioLNG',0.155192),('LNG_S3_2036','BioLNG',0.155192),('LNG_S3_2037','BioLNG',0.155192),('LNG_S3_2038','BioLNG',0.155192);
/*!40000 ALTER TABLE `vehicles_fuels` ENABLE KEYS */;
UNLOCK TABLES;

--
-- Dumping routines for database 'fleet_data'
--
/*!40103 SET TIME_ZONE=@OLD_TIME_ZONE */;

/*!40101 SET SQL_MODE=@OLD_SQL_MODE */;
/*!40014 SET FOREIGN_KEY_CHECKS=@OLD_FOREIGN_KEY_CHECKS */;
/*!40014 SET UNIQUE_CHECKS=@OLD_UNIQUE_CHECKS */;
/*!40101 SET CHARACTER_SET_CLIENT=@OLD_CHARACTER_SET_CLIENT */;
/*!40101 SET CHARACTER_SET_RESULTS=@OLD_CHARACTER_SET_RESULTS */;
/*!40101 SET COLLATION_CONNECTION=@OLD_COLLATION_CONNECTION */;
/*!40111 SET SQL_NOTES=@OLD_SQL_NOTES */;

-- Dump completed on 2024-07-29 23:28:24
