,Allocation,Year,Size,Distance_x,Demand (km),ID,Vehicle,Cost ($),Yearly range (km),Distance_y,Operating Year,Fuel,carbon_emissions,insurance_cost,maintenance_cost,fuel_costs,Type,Cost
0,BEV_S1_2023,2023,S1,D1,869181,BEV_S1_2023,BEV,187000,102000,D1,2023,Electricity,0.0,9350.0,1870.0,17470.316221326,Buy,187000.0
1,BEV_S1_2023,2023,S1,D1,869181,BEV_S1_2023,BEV,187000,102000,D1,2023,Electricity,0.0,9350.0,1870.0,17470.316221326,Sell,168300.0
2,BEV_S1_2023,2023,S1,D1,869181,BEV_S1_2023,BEV,187000,102000,D1,2023,Electricity,0.0,9350.0,1870.0,17470.316221326,Use,0.0
3,Diesel_S1_2023,2023,S1,D1,869181,Diesel_S1_2023,Diesel,85000,102000,D4,2023,B20,69347.97596256,4250.0,850.0,27771.219050879994,Buy,85000.0
4,Diesel_S1_2023,2023,S1,D1,869181,Diesel_S1_2023,Diesel,85000,102000,D4,2023,B20,69347.97596256,4250.0,850.0,27771.219050879994,Sell,76500.0
5,Diesel_S1_2023,2023,S1,D1,869181,Diesel_S1_2023,Diesel,85000,102000,D4,2023,B20,69347.97596256,4250.0,850.0,27771.219050879994,Use,0.0
6,Diesel_S1_2023,2023,S1,D1,869181,Diesel_S1_2023,Diesel,85000,102000,D4,2023,HVO,11092.291306368,4250.0,850.0,41271.256213919994,Buy,85000.0
7,Diesel_S1_2023,2023,S1,D1,869181,Diesel_S1_2023,Diesel,85000,102000,D4,2023,HVO,11092.291306368,4250.0,850.0,41271.256213919994,Sell,76500.0
8,Diesel_S1_2023,2023,S1,D1,869181,Diesel_S1_2023,Diesel,85000,102000,D4,2023,HVO,11092.291306368,4250.0,850.0,41271.256213919994,Use,0.0
9,LNG_S1_2023,2023,S1,D1,869181,LNG_S1_2023,LNG,100000,102000,D4,2023,LNG,41971.14852966,5000.0,1000.0,17077.87951668,Buy,100000.0
10,LNG_S1_2023,2023,S1,D1,869181,LNG_S1_2023,LNG,100000,102000,D4,2023,LNG,41971.14852966,5000.0,1000.0,17077.87951668,Sell,90000.0
11,LNG_S1_2023,2023,S1,D1,869181,LNG_S1_2023,LNG,100000,102000,D4,2023,LNG,41971.14852966,5000.0,1000.0,17077.87951668,Use,0.0
12,LNG_S1_2023,2023,S1,D1,869181,LNG_S1_2023,LNG,100000,102000,D4,2023,BioLNG,6375.2658937020005,5000.0,1000.0,18325.652864760003,Buy,100000.0
13,LNG_S1_2023,2023,S1,D1,869181,LNG_S1_2023,LNG,100000,102000,D4,2023,BioLNG,6375.2658937020005,5000.0,1000.0,18325.652864760003,Sell,90000.0
14,LNG_S1_2023,2023,S1,D1,869181,LNG_S1_2023,LNG,100000,102000,D4,2023,BioLNG,6375.2658937020005,5000.0,1000.0,18325.652864760003,Use,0.0
15,Diesel_S1_2023,2023,S1,D2,2597094,Diesel_S1_2023,Diesel,85000,102000,D4,2023,B20,69347.97596256,4250.0,850.0,27771.219050879994,Buy,85000.0
16,Diesel_S1_2023,2023,S1,D2,2597094,Diesel_S1_2023,Diesel,85000,102000,D4,2023,B20,69347.97596256,4250.0,850.0,27771.219050879994,Sell,76500.0
17,Diesel_S1_2023,2023,S1,D2,2597094,Diesel_S1_2023,Diesel,85000,102000,D4,2023,B20,69347.97596256,4250.0,850.0,27771.219050879994,Use,0.0
18,Diesel_S1_2023,2023,S1,D2,2597094,Diesel_S1_2023,Diesel,85000,102000,D4,2023,HVO,11092.291306368,4250.0,850.0,41271.256213919994,Buy,85000.0
19,Diesel_S1_2023,2023,S1,D2,2597094,Diesel_S1_2023,Diesel,85000,102000,D4,2023,HVO,11092.291306368,4250.0,850.0,41271.256213919994,Sell,76500.0
20,Diesel_S1_2023,2023,S1,D2,2597094,Diesel_S1_2023,Diesel,85000,102000,D4,2023,HVO,11092.291306368,4250.0,850.0,41271.256213919994,Use,0.0
21,LNG_S1_2023,2023,S1,D2,2597094,LNG_S1_2023,LNG,100000,102000,D4,2023,LNG,41971.14852966,5000.0,1000.0,17077.87951668,Buy,100000.0
22,LNG_S1_2023,2023,S1,D2,2597094,LNG_S1_2023,LNG,100000,102000,D4,2023,LNG,41971.14852966,5000.0,1000.0,17077.87951668,Sell,90000.0
23,LNG_S1_2023,2023,S1,D2,2597094,LNG_S1_2023,LNG,100000,102000,D4,2023,LNG,41971.14852966,5000.0,1000.0,17077.87951668,Use,0.0
24,LNG_S1_2023,2023,S1,D2,2597094,LNG_S1_2023,LNG,100000,102000,D4,2023,BioLNG,6375.2658937020005,5000.0,1000.0,18325.652864760003,Buy,100000.0
25,LNG_S1_2023,2023,S1,D2,2597094,LNG_S1_2023,LNG,100000,102000,D4,2023,BioLNG,6375.2658937020005,5000.0,1000.0,18325.652864760003,Sell,90000.0
26,LNG_S1_2023,2023,S1,D2,2597094,LNG_S1_2023,LNG,100000,102000,D4,2023,BioLNG,6375.2658937020005,5000.0,1000.0,18325.652864760003,Use,0.0
27,Diesel_S1_2023,2023,S1,D3,3292011,Diesel_S1_2023,Diesel,85000,102000,D4,2023,B20,69347.97596256,4250.0,850.0,27771.219050879994,Buy,85000.0
28,Diesel_S1_2023,2023,S1,D3,3292011,Diesel_S1_2023,Diesel,85000,102000,D4,2023,B20,69347.97596256,4250.0,850.0,27771.219050879994,Sell,76500.0
29,Diesel_S1_2023,2023,S1,D3,3292011,Diesel_S1_2023,Diesel,85000,102000,D4,2023,B20,69347.97596256,4250.0,850.0,27771.219050879994,Use,0.0
30,Diesel_S1_2023,2023,S1,D3,3292011,Diesel_S1_2023,Diesel,85000,102000,D4,2023,HVO,11092.291306368,4250.0,850.0,41271.256213919994,Buy,85000.0
31,Diesel_S1_2023,2023,S1,D3,3292011,Diesel_S1_2023,Diesel,85000,102000,D4,2023,HVO,11092.291306368,4250.0,850.0,41271.256213919994,Sell,76500.0
32,Diesel_S1_2023,2023,S1,D3,3292011,Diesel_S1_2023,Diesel,85000,102000,D4,2023,HVO,11092.291306368,4250.0,850.0,41271.256213919994,Use,0.0
33,LNG_S1_2023,2023,S1,D3,3292011,LNG_S1_2023,LNG,100000,102000,D4,2023,LNG,41971.14852966,5000.0,1000.0,17077.87951668,Buy,100000.0
34,LNG_S1_2023,2023,S1,D3,3292011,LNG_S1_2023,LNG,100000,102000,D4,2023,LNG,41971.14852966,5000.0,1000.0,17077.87951668,Sell,90000.0
35,LNG_S1_2023,2023,S1,D3,3292011,LNG_S1_2023,LNG,100000,102000,D4,2023,LNG,41971.14852966,5000.0,1000.0,17077.87951668,Use,0.0
36,LNG_S1_2023,2023,S1,D3,3292011,LNG_S1_2023,LNG,100000,102000,D4,2023,BioLNG,6375.2658937020005,5000.0,1000.0,18325.652864760003,Buy,100000.0
37,LNG_S1_2023,2023,S1,D3,3292011,LNG_S1_2023,LNG,100000,102000,D4,2023,BioLNG,6375.2658937020005,5000.0,1000.0,18325.652864760003,Sell,90000.0
38,LNG_S1_2023,2023,S1,D3,3292011,LNG_S1_2023,LNG,100000,102000,D4,2023,BioLNG,6375.2658937020005,5000.0,1000.0,18325.652864760003,Use,0.0
39,Diesel_S1_2023,2023,S1,D4,414315,Diesel_S1_2023,Diesel,85000,102000,D4,2023,B20,69347.97596256,4250.0,850.0,27771.219050879994,Buy,85000.0
40,Diesel_S1_2023,2023,S1,D4,414315,Diesel_S1_2023,Diesel,85000,102000,D4,2023,B20,69347.97596256,4250.0,850.0,27771.219050879994,Sell,76500.0
41,Diesel_S1_2023,2023,S1,D4,414315,Diesel_S1_2023,Diesel,85000,102000,D4,2023,B20,69347.97596256,4250.0,850.0,27771.219050879994,Use,0.0
42,Diesel_S1_2023,2023,S1,D4,414315,Diesel_S1_2023,Diesel,85000,102000,D4,2023,HVO,11092.291306368,4250.0,850.0,41271.256213919994,Buy,85000.0
43,Diesel_S1_2023,2023,S1,D4,414315,Diesel_S1_2023,Diesel,85000,102000,D4,2023,HVO,11092.291306368,4250.0,850.0,41271.256213919994,Sell,76500.0
44,Diesel_S1_2023,2023,S1,D4,414315,Diesel_S1_2023,Diesel,85000,102000,D4,2023,HVO,11092.291306368,4250.0,850.0,41271.256213919994,Use,0.0
45,LNG_S1_2023,2023,S1,D4,414315,LNG_S1_2023,LNG,100000,102000,D4,2023,LNG,41971.14852966,5000.0,1000.0,17077.87951668,Buy,100000.0
46,LNG_S1_2023,2023,S1,D4,414315,LNG_S1_2023,LNG,100000,102000,D4,2023,LNG,41971.14852966,5000.0,1000.0,17077.87951668,Sell,90000.0
47,LNG_S1_2023,2023,S1,D4,414315,LNG_S1_2023,LNG,100000,102000,D4,2023,LNG,41971.14852966,5000.0,1000.0,17077.87951668,Use,0.0
48,LNG_S1_2023,2023,S1,D4,414315,LNG_S1_2023,LNG,100000,102000,D4,2023,BioLNG,6375.2658937020005,5000.0,1000.0,18325.652864760003,Buy,100000.0
49,LNG_S1_2023,2023,S1,D4,414315,LNG_S1_2023,LNG,100000,102000,D4,2023,BioLNG,6375.2658937020005,5000.0,1000.0,18325.652864760003,Sell,90000.0
50,LNG_S1_2023,2023,S1,D4,414315,LNG_S1_2023,LNG,100000,102000,D4,2023,BioLNG,6375.2658937020005,5000.0,1000.0,18325.652864760003,Use,0.0
51,BEV_S2_2023,2023,S2,D1,995694,BEV_S2_2023,BEV,272000,106000,D1,2023,Electricity,0.0,13600.0,2720.0,18231.8058928,Buy,272000.0
52,BEV_S2_2023,2023,S2,D1,995694,BEV_S2_2023,BEV,272000,106000,D1,2023,Electricity,0.0,13600.0,2720.0,18231.8058928,Sell,244800.0
53,BEV_S2_2023,2023,S2,D1,995694,BEV_S2_2023,BEV,272000,106000,D1,2023,Electricity,0.0,13600.0,2720.0,18231.8058928,Use,0.0
54,Diesel_S2_2023,2023,S2,D1,995694,Diesel_S2_2023,Diesel,104000,106000,D4,2023,B20,72337.65739696,5200.0,1040.0,28968.472422079994,Buy,104000.0
55,Diesel_S2_2023,2023,S2,D1,995694,Diesel_S2_2023,Diesel,104000,106000,D4,2023,B20,72337.65739696,5200.0,1040.0,28968.472422079994,Sell,93600.0
56,Diesel_S2_2023,2023,S2,D1,995694,Diesel_S2_2023,Diesel,104000,106000,D4,2023,B20,72337.65739696,5200.0,1040.0,28968.472422079994,Use,0.0
57,Diesel_S2_2023,2023,S2,D1,995694,Diesel_S2_2023,Diesel,104000,106000,D4,2023,HVO,11570.494410688,5200.0,1040.0,43050.513744719996,Buy,104000.0
58,Diesel_S2_2023,2023,S2,D1,995694,Diesel_S2_2023,Diesel,104000,106000,D4,2023,HVO,11570.494410688,5200.0,1040.0,43050.513744719996,Sell,93600.0
59,Diesel_S2_2023,2023,S2,D1,995694,Diesel_S2_2023,Diesel,104000,106000,D4,2023,HVO,11570.494410688,5200.0,1040.0,43050.513744719996,Use,0.0
60,LNG_S2_2023,2023,S2,D1,995694,LNG_S2_2023,LNG,133000,106000,D4,2023,LNG,43546.448237460005,6650.0,1330.0,17718.86218108,Buy,133000.0
61,LNG_S2_2023,2023,S2,D1,995694,LNG_S2_2023,LNG,133000,106000,D4,2023,LNG,43546.448237460005,6650.0,1330.0,17718.86218108,Sell,119700.0
62,LNG_S2_2023,2023,S2,D1,995694,LNG_S2_2023,LNG,133000,106000,D4,2023,LNG,43546.448237460005,6650.0,1330.0,17718.86218108,Use,0.0
63,LNG_S2_2023,2023,S2,D1,995694,LNG_S2_2023,LNG,133000,106000,D4,2023,BioLNG,6706.54836679,6650.0,1330.0,19277.921790200002,Buy,133000.0
64,LNG_S2_2023,2023,S2,D1,995694,LNG_S2_2023,LNG,133000,106000,D4,2023,BioLNG,6706.54836679,6650.0,1330.0,19277.921790200002,Sell,119700.0
65,LNG_S2_2023,2023,S2,D1,995694,LNG_S2_2023,LNG,133000,106000,D4,2023,BioLNG,6706.54836679,6650.0,1330.0,19277.921790200002,Use,0.0
66,Diesel_S2_2023,2023,S2,D2,1383196,Diesel_S2_2023,Diesel,104000,106000,D4,2023,B20,72337.65739696,5200.0,1040.0,28968.472422079994,Buy,104000.0
67,Diesel_S2_2023,2023,S2,D2,1383196,Diesel_S2_2023,Diesel,104000,106000,D4,2023,B20,72337.65739696,5200.0,1040.0,28968.472422079994,Sell,93600.0
68,Diesel_S2_2023,2023,S2,D2,1383196,Diesel_S2_2023,Diesel,104000,106000,D4,2023,B20,72337.65739696,5200.0,1040.0,28968.472422079994,Use,0.0
69,Diesel_S2_2023,2023,S2,D2,1383196,Diesel_S2_2023,Diesel,104000,106000,D4,2023,HVO,11570.494410688,5200.0,1040.0,43050.513744719996,Buy,104000.0
70,Diesel_S2_2023,2023,S2,D2,1383196,Diesel_S2_2023,Diesel,104000,106000,D4,2023,HVO,11570.494410688,5200.0,1040.0,43050.513744719996,Sell,93600.0
71,Diesel_S2_2023,2023,S2,D2,1383196,Diesel_S2_2023,Diesel,104000,106000,D4,2023,HVO,11570.494410688,5200.0,1040.0,43050.513744719996,Use,0.0
72,LNG_S2_2023,2023,S2,D2,1383196,LNG_S2_2023,LNG,133000,106000,D4,2023,LNG,43546.448237460005,6650.0,1330.0,17718.86218108,Buy,133000.0
73,LNG_S2_2023,2023,S2,D2,1383196,LNG_S2_2023,LNG,133000,106000,D4,2023,LNG,43546.448237460005,6650.0,1330.0,17718.86218108,Sell,119700.0
74,LNG_S2_2023,2023,S2,D2,1383196,LNG_S2_2023,LNG,133000,106000,D4,2023,LNG,43546.448237460005,6650.0,1330.0,17718.86218108,Use,0.0
75,LNG_S2_2023,2023,S2,D2,1383196,LNG_S2_2023,LNG,133000,106000,D4,2023,BioLNG,6706.54836679,6650.0,1330.0,19277.921790200002,Buy,133000.0
76,LNG_S2_2023,2023,S2,D2,1383196,LNG_S2_2023,LNG,133000,106000,D4,2023,BioLNG,6706.54836679,6650.0,1330.0,19277.921790200002,Sell,119700.0
77,LNG_S2_2023,2023,S2,D2,1383196,LNG_S2_2023,LNG,133000,106000,D4,2023,BioLNG,6706.54836679,6650.0,1330.0,19277.921790200002,Use,0.0
78,Diesel_S2_2023,2023,S2,D3,778008,Diesel_S2_2023,Diesel,104000,106000,D4,2023,B20,72337.65739696,5200.0,1040.0,28968.472422079994,Buy,104000.0
79,Diesel_S2_2023,2023,S2,D3,778008,Diesel_S2_2023,Diesel,104000,106000,D4,2023,B20,72337.65739696,5200.0,1040.0,28968.472422079994,Sell,93600.0
80,Diesel_S2_2023,2023,S2,D3,778008,Diesel_S2_2023,Diesel,104000,106000,D4,2023,B20,72337.65739696,5200.0,1040.0,28968.472422079994,Use,0.0
81,Diesel_S2_2023,2023,S2,D3,778008,Diesel_S2_2023,Diesel,104000,106000,D4,2023,HVO,11570.494410688,5200.0,1040.0,43050.513744719996,Buy,104000.0
82,Diesel_S2_2023,2023,S2,D3,778008,Diesel_S2_2023,Diesel,104000,106000,D4,2023,HVO,11570.494410688,5200.0,1040.0,43050.513744719996,Sell,93600.0
83,Diesel_S2_2023,2023,S2,D3,778008,Diesel_S2_2023,Diesel,104000,106000,D4,2023,HVO,11570.494410688,5200.0,1040.0,43050.513744719996,Use,0.0
84,LNG_S2_2023,2023,S2,D3,778008,LNG_S2_2023,LNG,133000,106000,D4,2023,LNG,43546.448237460005,6650.0,1330.0,17718.86218108,Buy,133000.0
85,LNG_S2_2023,2023,S2,D3,778008,LNG_S2_2023,LNG,133000,106000,D4,2023,LNG,43546.448237460005,6650.0,1330.0,17718.86218108,Sell,119700.0
86,LNG_S2_2023,2023,S2,D3,778008,LNG_S2_2023,LNG,133000,106000,D4,2023,LNG,43546.448237460005,6650.0,1330.0,17718.86218108,Use,0.0
87,LNG_S2_2023,2023,S2,D3,778008,LNG_S2_2023,LNG,133000,106000,D4,2023,BioLNG,6706.54836679,6650.0,1330.0,19277.921790200002,Buy,133000.0
88,LNG_S2_2023,2023,S2,D3,778008,LNG_S2_2023,LNG,133000,106000,D4,2023,BioLNG,6706.54836679,6650.0,1330.0,19277.921790200002,Sell,119700.0
89,LNG_S2_2023,2023,S2,D3,778008,LNG_S2_2023,LNG,133000,106000,D4,2023,BioLNG,6706.54836679,6650.0,1330.0,19277.921790200002,Use,0.0
90,Diesel_S2_2023,2023,S2,D4,133677,Diesel_S2_2023,Diesel,104000,106000,D4,2023,B20,72337.65739696,5200.0,1040.0,28968.472422079994,Buy,104000.0
91,Diesel_S2_2023,2023,S2,D4,133677,Diesel_S2_2023,Diesel,104000,106000,D4,2023,B20,72337.65739696,5200.0,1040.0,28968.472422079994,Sell,93600.0
92,Diesel_S2_2023,2023,S2,D4,133677,Diesel_S2_2023,Diesel,104000,106000,D4,2023,B20,72337.65739696,5200.0,1040.0,28968.472422079994,Use,0.0
93,Diesel_S2_2023,2023,S2,D4,133677,Diesel_S2_2023,Diesel,104000,106000,D4,2023,HVO,11570.494410688,5200.0,1040.0,43050.513744719996,Buy,104000.0
94,Diesel_S2_2023,2023,S2,D4,133677,Diesel_S2_2023,Diesel,104000,106000,D4,2023,HVO,11570.494410688,5200.0,1040.0,43050.513744719996,Sell,93600.0
95,Diesel_S2_2023,2023,S2,D4,133677,Diesel_S2_2023,Diesel,104000,106000,D4,2023,HVO,11570.494410688,5200.0,1040.0,43050.513744719996,Use,0.0
96,LNG_S2_2023,2023,S2,D4,133677,LNG_S2_2023,LNG,133000,106000,D4,2023,LNG,43546.448237460005,6650.0,1330.0,17718.86218108,Buy,133000.0
97,LNG_S2_2023,2023,S2,D4,133677,LNG_S2_2023,LNG,133000,106000,D4,2023,LNG,43546.448237460005,6650.0,1330.0,17718.86218108,Sell,119700.0
98,LNG_S2_2023,2023,S2,D4,133677,LNG_S2_2023,LNG,133000,106000,D4,2023,LNG,43546.448237460005,6650.0,1330.0,17718.86218108,Use,0.0
99,LNG_S2_2023,2023,S2,D4,133677,LNG_S2_2023,LNG,133000,106000,D4,2023,BioLNG,6706.54836679,6650.0,1330.0,19277.921790200002,Buy,133000.0
100,LNG_S2_2023,2023,S2,D4,133677,LNG_S2_2023,LNG,133000,106000,D4,2023,BioLNG,6706.54836679,6650.0,1330.0,19277.921790200002,Sell,119700.0
101,LNG_S2_2023,2023,S2,D4,133677,LNG_S2_2023,LNG,133000,106000,D4,2023,BioLNG,6706.54836679,6650.0,1330.0,19277.921790200002,Use,0.0
102,BEV_S4_2023,2023,S4,D1,14576,BEV_S4_2023,BEV,395636,118000,D1,2023,Electricity,0.0,19781.800000000003,3956.36,20383.231408432,Buy,395636.0
103,BEV_S4_2023,2023,S4,D1,14576,BEV_S4_2023,BEV,395636,118000,D1,2023,Electricity,0.0,19781.800000000003,3956.36,20383.231408432,Sell,356072.4
104,BEV_S4_2023,2023,S4,D1,14576,BEV_S4_2023,BEV,395636,118000,D1,2023,Electricity,0.0,19781.800000000003,3956.36,20383.231408432,Use,0.0
105,Diesel_S4_2023,2023,S4,D1,14576,Diesel_S4_2023,Diesel,151272,118000,D4,2023,B20,79078.90308788,7563.6,1512.72,31668.084172239996,Buy,151272.0
106,Diesel_S4_2023,2023,S4,D1,14576,Diesel_S4_2023,Diesel,151272,118000,D4,2023,B20,79078.90308788,7563.6,1512.72,31668.084172239996,Sell,136144.80000000002
107,Diesel_S4_2023,2023,S4,D1,14576,Diesel_S4_2023,Diesel,151272,118000,D4,2023,B20,79078.90308788,7563.6,1512.72,31668.084172239996,Use,0.0
108,Diesel_S4_2023,2023,S4,D1,14576,Diesel_S4_2023,Diesel,151272,118000,D4,2023,HVO,12648.764683664,7563.6,1512.72,47062.45027566,Buy,151272.0
109,Diesel_S4_2023,2023,S4,D1,14576,Diesel_S4_2023,Diesel,151272,118000,D4,2023,HVO,12648.764683664,7563.6,1512.72,47062.45027566,Sell,136144.80000000002
110,Diesel_S4_2023,2023,S4,D1,14576,Diesel_S4_2023,Diesel,151272,118000,D4,2023,HVO,12648.764683664,7563.6,1512.72,47062.45027566,Use,0.0
111,LNG_S4_2023,2023,S4,D1,14576,LNG_S4_2023,LNG,193454,118000,D4,2023,LNG,49073.243635080005,9672.7,1934.54,19967.69141784,Buy,193454.0
112,LNG_S4_2023,2023,S4,D1,14576,LNG_S4_2023,LNG,193454,118000,D4,2023,LNG,49073.243635080005,9672.7,1934.54,19967.69141784,Sell,174108.6
113,LNG_S4_2023,2023,S4,D1,14576,LNG_S4_2023,LNG,193454,118000,D4,2023,LNG,49073.243635080005,9672.7,1934.54,19967.69141784,Use,0.0
114,LNG_S4_2023,2023,S4,D1,14576,LNG_S4_2023,LNG,193454,118000,D4,2023,BioLNG,7416.792842576001,9672.7,1934.54,21319.514082880003,Buy,193454.0
115,LNG_S4_2023,2023,S4,D1,14576,LNG_S4_2023,LNG,193454,118000,D4,2023,BioLNG,7416.792842576001,9672.7,1934.54,21319.514082880003,Sell,174108.6
116,LNG_S4_2023,2023,S4,D1,14576,LNG_S4_2023,LNG,193454,118000,D4,2023,BioLNG,7416.792842576001,9672.7,1934.54,21319.514082880003,Use,0.0
117,Diesel_S4_2023,2023,S4,D2,754717,Diesel_S4_2023,Diesel,151272,118000,D4,2023,B20,79078.90308788,7563.6,1512.72,31668.084172239996,Buy,151272.0
118,Diesel_S4_2023,2023,S4,D2,754717,Diesel_S4_2023,Diesel,151272,118000,D4,2023,B20,79078.90308788,7563.6,1512.72,31668.084172239996,Sell,136144.80000000002
119,Diesel_S4_2023,2023,S4,D2,754717,Diesel_S4_2023,Diesel,151272,118000,D4,2023,B20,79078.90308788,7563.6,1512.72,31668.084172239996,Use,0.0
120,Diesel_S4_2023,2023,S4,D2,754717,Diesel_S4_2023,Diesel,151272,118000,D4,2023,HVO,12648.764683664,7563.6,1512.72,47062.45027566,Buy,151272.0
121,Diesel_S4_2023,2023,S4,D2,754717,Diesel_S4_2023,Diesel,151272,118000,D4,2023,HVO,12648.764683664,7563.6,1512.72,47062.45027566,Sell,136144.80000000002
122,Diesel_S4_2023,2023,S4,D2,754717,Diesel_S4_2023,Diesel,151272,118000,D4,2023,HVO,12648.764683664,7563.6,1512.72,47062.45027566,Use,0.0
123,LNG_S4_2023,2023,S4,D2,754717,LNG_S4_2023,LNG,193454,118000,D4,2023,LNG,49073.243635080005,9672.7,1934.54,19967.69141784,Buy,193454.0
124,LNG_S4_2023,2023,S4,D2,754717,LNG_S4_2023,LNG,193454,118000,D4,2023,LNG,49073.243635080005,9672.7,1934.54,19967.69141784,Sell,174108.6
125,LNG_S4_2023,2023,S4,D2,754717,LNG_S4_2023,LNG,193454,118000,D4,2023,LNG,49073.243635080005,9672.7,1934.54,19967.69141784,Use,0.0
126,LNG_S4_2023,2023,S4,D2,754717,LNG_S4_2023,LNG,193454,118000,D4,2023,BioLNG,7416.792842576001,9672.7,1934.54,21319.514082880003,Buy,193454.0
127,LNG_S4_2023,2023,S4,D2,754717,LNG_S4_2023,LNG,193454,118000,D4,2023,BioLNG,7416.792842576001,9672.7,1934.54,21319.514082880003,Sell,174108.6
128,LNG_S4_2023,2023,S4,D2,754717,LNG_S4_2023,LNG,193454,118000,D4,2023,BioLNG,7416.792842576001,9672.7,1934.54,21319.514082880003,Use,0.0
129,Diesel_S4_2023,2023,S4,D3,118899,Diesel_S4_2023,Diesel,151272,118000,D4,2023,B20,79078.90308788,7563.6,1512.72,31668.084172239996,Buy,151272.0
130,Diesel_S4_2023,2023,S4,D3,118899,Diesel_S4_2023,Diesel,151272,118000,D4,2023,B20,79078.90308788,7563.6,1512.72,31668.084172239996,Sell,136144.80000000002
131,Diesel_S4_2023,2023,S4,D3,118899,Diesel_S4_2023,Diesel,151272,118000,D4,2023,B20,79078.90308788,7563.6,1512.72,31668.084172239996,Use,0.0
132,Diesel_S4_2023,2023,S4,D3,118899,Diesel_S4_2023,Diesel,151272,118000,D4,2023,HVO,12648.764683664,7563.6,1512.72,47062.45027566,Buy,151272.0
133,Diesel_S4_2023,2023,S4,D3,118899,Diesel_S4_2023,Diesel,151272,118000,D4,2023,HVO,12648.764683664,7563.6,1512.72,47062.45027566,Sell,136144.80000000002
134,Diesel_S4_2023,2023,S4,D3,118899,Diesel_S4_2023,Diesel,151272,118000,D4,2023,HVO,12648.764683664,7563.6,1512.72,47062.45027566,Use,0.0
135,LNG_S4_2023,2023,S4,D3,118899,LNG_S4_2023,LNG,193454,118000,D4,2023,LNG,49073.243635080005,9672.7,1934.54,19967.69141784,Buy,193454.0
136,LNG_S4_2023,2023,S4,D3,118899,LNG_S4_2023,LNG,193454,118000,D4,2023,LNG,49073.243635080005,9672.7,1934.54,19967.69141784,Sell,174108.6
137,LNG_S4_2023,2023,S4,D3,118899,LNG_S4_2023,LNG,193454,118000,D4,2023,LNG,49073.243635080005,9672.7,1934.54,19967.69141784,Use,0.0
138,LNG_S4_2023,2023,S4,D3,118899,LNG_S4_2023,LNG,193454,118000,D4,2023,BioLNG,7416.792842576001,9672.7,1934.54,21319.514082880003,Buy,193454.0
139,LNG_S4_2023,2023,S4,D3,118899,LNG_S4_2023,LNG,193454,118000,D4,2023,BioLNG,7416.792842576001,9672.7,1934.54,21319.514082880003,Sell,174108.6
140,LNG_S4_2023,2023,S4,D3,118899,LNG_S4_2023,LNG,193454,118000,D4,2023,BioLNG,7416.792842576001,9672.7,1934.54,21319.514082880003,Use,0.0
141,Diesel_S4_2023,2023,S4,D4,1809,Diesel_S4_2023,Diesel,151272,118000,D4,2023,B20,79078.90308788,7563.6,1512.72,31668.084172239996,Buy,151272.0
142,Diesel_S4_2023,2023,S4,D4,1809,Diesel_S4_2023,Diesel,151272,118000,D4,2023,B20,79078.90308788,7563.6,1512.72,31668.084172239996,Sell,136144.80000000002
143,Diesel_S4_2023,2023,S4,D4,1809,Diesel_S4_2023,Diesel,151272,118000,D4,2023,B20,79078.90308788,7563.6,1512.72,31668.084172239996,Use,0.0
144,Diesel_S4_2023,2023,S4,D4,1809,Diesel_S4_2023,Diesel,151272,118000,D4,2023,HVO,12648.764683664,7563.6,1512.72,47062.45027566,Buy,151272.0
145,Diesel_S4_2023,2023,S4,D4,1809,Diesel_S4_2023,Diesel,151272,118000,D4,2023,HVO,12648.764683664,7563.6,1512.72,47062.45027566,Sell,136144.80000000002
146,Diesel_S4_2023,2023,S4,D4,1809,Diesel_S4_2023,Diesel,151272,118000,D4,2023,HVO,12648.764683664,7563.6,1512.72,47062.45027566,Use,0.0
147,LNG_S4_2023,2023,S4,D4,1809,LNG_S4_2023,LNG,193454,118000,D4,2023,LNG,49073.243635080005,9672.7,1934.54,19967.69141784,Buy,193454.0
148,LNG_S4_2023,2023,S4,D4,1809,LNG_S4_2023,LNG,193454,118000,D4,2023,LNG,49073.243635080005,9672.7,1934.54,19967.69141784,Sell,174108.6
149,LNG_S4_2023,2023,S4,D4,1809,LNG_S4_2023,LNG,193454,118000,D4,2023,LNG,49073.243635080005,9672.7,1934.54,19967.69141784,Use,0.0
150,LNG_S4_2023,2023,S4,D4,1809,LNG_S4_2023,LNG,193454,118000,D4,2023,BioLNG,7416.792842576001,9672.7,1934.54,21319.514082880003,Buy,193454.0
151,LNG_S4_2023,2023,S4,D4,1809,LNG_S4_2023,LNG,193454,118000,D4,2023,BioLNG,7416.792842576001,9672.7,1934.54,21319.514082880003,Sell,174108.6
152,LNG_S4_2023,2023,S4,D4,1809,LNG_S4_2023,LNG,193454,118000,D4,2023,BioLNG,7416.792842576001,9672.7,1934.54,21319.514082880003,Use,0.0
153,BEV_S3_2023,2023,S3,D1,2183475,BEV_S3_2023,BEV,309090,73000,D1,2023,Electricity,0.0,15454.5,3090.9,12572.709216229,Buy,309090.0
154,BEV_S3_2023,2023,S3,D1,2183475,BEV_S3_2023,BEV,309090,73000,D1,2023,Electricity,0.0,15454.5,3090.9,12572.709216229,Sell,278181.0
155,BEV_S3_2023,2023,S3,D1,2183475,BEV_S3_2023,BEV,309090,73000,D1,2023,Electricity,0.0,15454.5,3090.9,12572.709216229,Use,0.0
156,Diesel_S3_2023,2023,S3,D1,2183475,Diesel_S3_2023,Diesel,118181,73000,D4,2023,B20,49868.62895988,5909.05,1181.81,19970.48362824,Buy,118181.0
157,Diesel_S3_2023,2023,S3,D1,2183475,Diesel_S3_2023,Diesel,118181,73000,D4,2023,B20,49868.62895988,5909.05,1181.81,19970.48362824,Sell,106362.90000000001
158,Diesel_S3_2023,2023,S3,D1,2183475,Diesel_S3_2023,Diesel,118181,73000,D4,2023,B20,49868.62895988,5909.05,1181.81,19970.48362824,Use,0.0
159,Diesel_S3_2023,2023,S3,D1,2183475,Diesel_S3_2023,Diesel,118181,73000,D4,2023,HVO,7976.5465652640005,5909.05,1181.81,29678.457579660004,Buy,118181.0
160,Diesel_S3_2023,2023,S3,D1,2183475,Diesel_S3_2023,Diesel,118181,73000,D4,2023,HVO,7976.5465652640005,5909.05,1181.81,29678.457579660004,Sell,106362.90000000001
161,Diesel_S3_2023,2023,S3,D1,2183475,Diesel_S3_2023,Diesel,118181,73000,D4,2023,HVO,7976.5465652640005,5909.05,1181.81,29678.457579660004,Use,0.0
162,LNG_S3_2023,2023,S3,D1,2183475,LNG_S3_2023,LNG,151136,73000,D4,2023,LNG,29914.03448901,7556.8,1511.3600000000001,12171.89175798,Buy,151136.0
163,LNG_S3_2023,2023,S3,D1,2183475,LNG_S3_2023,LNG,151136,73000,D4,2023,LNG,29914.03448901,7556.8,1511.3600000000001,12171.89175798,Sell,136022.4
164,LNG_S3_2023,2023,S3,D1,2183475,LNG_S3_2023,LNG,151136,73000,D4,2023,LNG,29914.03448901,7556.8,1511.3600000000001,12171.89175798,Use,0.0
165,LNG_S3_2023,2023,S3,D1,2183475,LNG_S3_2023,LNG,151136,73000,D4,2023,BioLNG,4549.567924148,7556.8,1511.3600000000001,13077.698068239999,Buy,151136.0
166,LNG_S3_2023,2023,S3,D1,2183475,LNG_S3_2023,LNG,151136,73000,D4,2023,BioLNG,4549.567924148,7556.8,1511.3600000000001,13077.698068239999,Sell,136022.4
167,LNG_S3_2023,2023,S3,D1,2183475,LNG_S3_2023,LNG,151136,73000,D4,2023,BioLNG,4549.567924148,7556.8,1511.3600000000001,13077.698068239999,Use,0.0
168,Diesel_S3_2023,2023,S3,D2,2431901,Diesel_S3_2023,Diesel,118181,73000,D4,2023,B20,49868.62895988,5909.05,1181.81,19970.48362824,Buy,118181.0
169,Diesel_S3_2023,2023,S3,D2,2431901,Diesel_S3_2023,Diesel,118181,73000,D4,2023,B20,49868.62895988,5909.05,1181.81,19970.48362824,Sell,106362.90000000001
170,Diesel_S3_2023,2023,S3,D2,2431901,Diesel_S3_2023,Diesel,118181,73000,D4,2023,B20,49868.62895988,5909.05,1181.81,19970.48362824,Use,0.0
171,Diesel_S3_2023,2023,S3,D2,2431901,Diesel_S3_2023,Diesel,118181,73000,D4,2023,HVO,7976.5465652640005,5909.05,1181.81,29678.457579660004,Buy,118181.0
172,Diesel_S3_2023,2023,S3,D2,2431901,Diesel_S3_2023,Diesel,118181,73000,D4,2023,HVO,7976.5465652640005,5909.05,1181.81,29678.457579660004,Sell,106362.90000000001
173,Diesel_S3_2023,2023,S3,D2,2431901,Diesel_S3_2023,Diesel,118181,73000,D4,2023,HVO,7976.5465652640005,5909.05,1181.81,29678.457579660004,Use,0.0
174,LNG_S3_2023,2023,S3,D2,2431901,LNG_S3_2023,LNG,151136,73000,D4,2023,LNG,29914.03448901,7556.8,1511.3600000000001,12171.89175798,Buy,151136.0
175,LNG_S3_2023,2023,S3,D2,2431901,LNG_S3_2023,LNG,151136,73000,D4,2023,LNG,29914.03448901,7556.8,1511.3600000000001,12171.89175798,Sell,136022.4
176,LNG_S3_2023,2023,S3,D2,2431901,LNG_S3_2023,LNG,151136,73000,D4,2023,LNG,29914.03448901,7556.8,1511.3600000000001,12171.89175798,Use,0.0
177,LNG_S3_2023,2023,S3,D2,2431901,LNG_S3_2023,LNG,151136,73000,D4,2023,BioLNG,4549.567924148,7556.8,1511.3600000000001,13077.698068239999,Buy,151136.0
178,LNG_S3_2023,2023,S3,D2,2431901,LNG_S3_2023,LNG,151136,73000,D4,2023,BioLNG,4549.567924148,7556.8,1511.3600000000001,13077.698068239999,Sell,136022.4
179,LNG_S3_2023,2023,S3,D2,2431901,LNG_S3_2023,LNG,151136,73000,D4,2023,BioLNG,4549.567924148,7556.8,1511.3600000000001,13077.698068239999,Use,0.0
180,Diesel_S3_2023,2023,S3,D3,1002466,Diesel_S3_2023,Diesel,118181,73000,D4,2023,B20,49868.62895988,5909.05,1181.81,19970.48362824,Buy,118181.0
181,Diesel_S3_2023,2023,S3,D3,1002466,Diesel_S3_2023,Diesel,118181,73000,D4,2023,B20,49868.62895988,5909.05,1181.81,19970.48362824,Sell,106362.90000000001
182,Diesel_S3_2023,2023,S3,D3,1002466,Diesel_S3_2023,Diesel,118181,73000,D4,2023,B20,49868.62895988,5909.05,1181.81,19970.48362824,Use,0.0
183,Diesel_S3_2023,2023,S3,D3,1002466,Diesel_S3_2023,Diesel,118181,73000,D4,2023,HVO,7976.5465652640005,5909.05,1181.81,29678.457579660004,Buy,118181.0
184,Diesel_S3_2023,2023,S3,D3,1002466,Diesel_S3_2023,Diesel,118181,73000,D4,2023,HVO,7976.5465652640005,5909.05,1181.81,29678.457579660004,Sell,106362.90000000001
185,Diesel_S3_2023,2023,S3,D3,1002466,Diesel_S3_2023,Diesel,118181,73000,D4,2023,HVO,7976.5465652640005,5909.05,1181.81,29678.457579660004,Use,0.0
186,LNG_S3_2023,2023,S3,D3,1002466,LNG_S3_2023,LNG,151136,73000,D4,2023,LNG,29914.03448901,7556.8,1511.3600000000001,12171.89175798,Buy,151136.0
187,LNG_S3_2023,2023,S3,D3,1002466,LNG_S3_2023,LNG,151136,73000,D4,2023,LNG,29914.03448901,7556.8,1511.3600000000001,12171.89175798,Sell,136022.4
188,LNG_S3_2023,2023,S3,D3,1002466,LNG_S3_2023,LNG,151136,73000,D4,2023,LNG,29914.03448901,7556.8,1511.3600000000001,12171.89175798,Use,0.0
189,LNG_S3_2023,2023,S3,D3,1002466,LNG_S3_2023,LNG,151136,73000,D4,2023,BioLNG,4549.567924148,7556.8,1511.3600000000001,13077.698068239999,Buy,151136.0
190,LNG_S3_2023,2023,S3,D3,1002466,LNG_S3_2023,LNG,151136,73000,D4,2023,BioLNG,4549.567924148,7556.8,1511.3600000000001,13077.698068239999,Sell,136022.4
191,LNG_S3_2023,2023,S3,D3,1002466,LNG_S3_2023,LNG,151136,73000,D4,2023,BioLNG,4549.567924148,7556.8,1511.3600000000001,13077.698068239999,Use,0.0
192,Diesel_S3_2023,2023,S3,D4,205426,Diesel_S3_2023,Diesel,118181,73000,D4,2023,B20,49868.62895988,5909.05,1181.81,19970.48362824,Buy,118181.0
193,Diesel_S3_2023,2023,S3,D4,205426,Diesel_S3_2023,Diesel,118181,73000,D4,2023,B20,49868.62895988,5909.05,1181.81,19970.48362824,Sell,106362.90000000001
194,Diesel_S3_2023,2023,S3,D4,205426,Diesel_S3_2023,Diesel,118181,73000,D4,2023,B20,49868.62895988,5909.05,1181.81,19970.48362824,Use,0.0
195,Diesel_S3_2023,2023,S3,D4,205426,Diesel_S3_2023,Diesel,118181,73000,D4,2023,HVO,7976.5465652640005,5909.05,1181.81,29678.457579660004,Buy,118181.0
196,Diesel_S3_2023,2023,S3,D4,205426,Diesel_S3_2023,Diesel,118181,73000,D4,2023,HVO,7976.5465652640005,5909.05,1181.81,29678.457579660004,Sell,106362.90000000001
197,Diesel_S3_2023,2023,S3,D4,205426,Diesel_S3_2023,Diesel,118181,73000,D4,2023,HVO,7976.5465652640005,5909.05,1181.81,29678.457579660004,Use,0.0
198,LNG_S3_2023,2023,S3,D4,205426,LNG_S3_2023,LNG,151136,73000,D4,2023,LNG,29914.03448901,7556.8,1511.3600000000001,12171.89175798,Buy,151136.0
199,LNG_S3_2023,2023,S3,D4,205426,LNG_S3_2023,LNG,151136,73000,D4,2023,LNG,29914.03448901,7556.8,1511.3600000000001,12171.89175798,Sell,136022.4
200,LNG_S3_2023,2023,S3,D4,205426,LNG_S3_2023,LNG,151136,73000,D4,2023,LNG,29914.03448901,7556.8,1511.3600000000001,12171.89175798,Use,0.0
201,LNG_S3_2023,2023,S3,D4,205426,LNG_S3_2023,LNG,151136,73000,D4,2023,BioLNG,4549.567924148,7556.8,1511.3600000000001,13077.698068239999,Buy,151136.0
202,LNG_S3_2023,2023,S3,D4,205426,LNG_S3_2023,LNG,151136,73000,D4,2023,BioLNG,4549.567924148,7556.8,1511.3600000000001,13077.698068239999,Sell,136022.4
203,LNG_S3_2023,2023,S3,D4,205426,LNG_S3_2023,LNG,151136,73000,D4,2023,BioLNG,4549.567924148,7556.8,1511.3600000000001,13077.698068239999,Use,0.0
